-- phpMyAdmin SQL Dump
-- version 5.0.2
-- https://www.phpmyadmin.net/
--
-- Host: 127.0.0.1
-- Generation Time: May 09, 2022 at 07:50 AM
-- Server version: 10.4.14-MariaDB
-- PHP Version: 7.2.33

SET SQL_MODE = "NO_AUTO_VALUE_ON_ZERO";
START TRANSACTION;
SET time_zone = "+00:00";


/*!40101 SET @OLD_CHARACTER_SET_CLIENT=@@CHARACTER_SET_CLIENT */;
/*!40101 SET @OLD_CHARACTER_SET_RESULTS=@@CHARACTER_SET_RESULTS */;
/*!40101 SET @OLD_COLLATION_CONNECTION=@@COLLATION_CONNECTION */;
/*!40101 SET NAMES utf8mb4 */;

--
-- Database: `hostel-portal`
--

-- --------------------------------------------------------

--
-- Table structure for table `fees`
--

CREATE TABLE `fees` (
  `enrollment_no` varchar(12) NOT NULL,
  `semester` int(1) NOT NULL,
  `hostel_name` varchar(4) NOT NULL,
  `amount_paid` int(5) NOT NULL,
  `penalty` int(5) NOT NULL,
  `payment_date` date NOT NULL,
  `DU_reference_no` varchar(20) NOT NULL,
  `receipt` varchar(50) NOT NULL,
  `status` varchar(12) NOT NULL,
  `remarks` text NOT NULL
) ENGINE=InnoDB DEFAULT CHARSET=utf8mb4;

--
-- Dumping data for table `fees`
--

INSERT INTO `fees` (`enrollment_no`, `semester`, `hostel_name`, `amount_paid`, `penalty`, `payment_date`, `DU_reference_no`, `receipt`, `status`, `remarks`) VALUES
('170170105015', 8, 'BH-2', 1270, 0, '2022-10-15', 'DUE5736948', ' ', 'Approved', 'Hostel sem8 fees paid in online mode. Hostel sem8 fees paid in online mode.Hostel sem8 fees paid in online mode.'),
('170170105019', 8, 'BH-2', 1270, 0, '2022-10-15', 'DUE5551217', ' ', 'Approved', ''),
('170170105028', 7, 'BH-2', 1270, 0, '2022-10-15', 'DUE5622536', ' ', 'Approved', ''),
('170170105035', 8, 'BH-2', 1270, 0, '2022-10-15', 'DUE5568578', ' ', 'Approved', ''),
('170170105043', 8, 'BH-1', 1270, 0, '2022-10-15', 'DUE5708471', ' ', 'Approved', ''),
('170170106015', 8, 'BH-1', 1270, 0, '2022-10-15', 'DUE5888099', ' ', 'Approved', ''),
('170170106017', 8, 'BH-2', 1270, 0, '2022-10-15', 'DUE5380383', ' ', 'Approved', ''),
('170170106033', 8, 'BH-2', 1270, 0, '2022-10-15', 'DUE5855780', ' ', 'Approved', ''),
('170170107004', 4, 'BH-2', 1270, 0, '2022-10-15', 'DUE5457104', ' ', 'Approved', ''),
('170170107011', 8, 'BH-2', 1270, 0, '2022-10-15', 'DUE5828422', ' ', 'Approved', ''),
('170170107084', 8, 'BH-2', 1270, 0, '2022-10-15', 'DUE5459097', ' ', 'Approved', ''),
('170170107121', 8, 'BH-2', 1270, 0, '2022-10-15', 'DUE5402295', ' ', 'Approved', '-'),
('170170109002', 8, 'BH-1', 1270, 0, '2022-10-15', 'DUE5649093', ' ', 'Approved', 'Hostel fee sem 8'),
('170170109019', 8, 'BH-2', 1270, 0, '2022-10-15', 'DUE5798464', ' ', 'Approved', ''),
('170170109023', 8, 'BH-1', 1270, 0, '2022-10-15', 'DUE5810360', ' ', 'Approved', 'Hostel fee'),
('170170109024', 8, 'BH-2', 1270, 0, '2022-10-15', 'DUE5459645', ' ', 'Approved', 'Hostel Fee'),
('170170109025', 8, 'BH-1', 1270, 0, '2022-10-15', 'DUE5323350', ' ', 'Approved', 'Hostel fee room no-120613/3/2021'),
('170170109033', 8, 'BH-2', 1270, 0, '2022-10-15', 'DUE5415427', ' ', 'Approved', ''),
('170170109034', 8, 'BH-2', 1270, 0, '2022-10-15', 'DUE5905579', ' ', 'Approved', ''),
('170170109066', 7, 'BH-2', 1270, 0, '2022-10-15', 'DUE5169666', ' ', 'Approved', ''),
('170170109071', 7, 'BH-2', 1270, 0, '2022-10-15', 'DUE5168988', ' ', 'Approved', ''),
('170170109083', 7, 'BH-2', 1270, 0, '2022-10-15', 'DUE4849589', ' ', 'Approved', ''),
('170170109089', 7, 'BH-1', 1270, 0, '2022-10-15', 'DUE4847910', ' ', 'Approved', 'Hostel fees'),
('170170109105', 8, 'BH-2', 1270, 0, '2022-10-15', 'DUE5884755', ' ', 'Approved', 'Sem 8 hostel fee'),
('170170109114', 8, 'BH-2', 1270, 0, '2022-10-15', 'DUE5642075', ' ', 'Approved', ''),
('170170109122', 8, 'BH-2', 1270, 0, '2022-10-15', 'DUE5775186', ' ', 'Approved', 'Hostel fee'),
('170170111080', 7, 'BH-2', 1270, 0, '2022-10-15', 'DUE4849257', ' ', 'Approved', ''),
('170170116001', 8, 'BH-2', 1270, 0, '2022-10-15', 'DUE5885062', ' ', 'Approved', ''),
('170170116053', 8, 'BH-2', 1270, 0, '2022-10-15', 'DUE5918727', ' ', 'Approved', ''),
('170170117015', 8, 'BH-2', 1270, 0, '2022-10-15', 'DUE5313599', ' ', 'Approved', ''),
('170170117023', 8, 'BH-2', 1270, 0, '2022-10-15', 'DUE5304418', ' ', 'Approved', ''),
('170170117024', 8, 'BH-2', 1270, 0, '2022-10-15', 'DUE5657094', ' ', 'Approved', 'hostel fees sem 8'),
('170170119012', 8, 'BH-2', 1270, 0, '2022-10-15', 'DUE5865817', ' ', 'Approved', 'THIS FEES IS HOSTEL FEES SEM 8.'),
('170170119014', 8, 'BH-2', 1270, 0, '2022-10-15', 'DUE5496849', ' ', 'Approved', ''),
('170170119015', 8, 'BH-2', 1270, 0, '2022-10-15', 'DUE5631622', ' ', 'Approved', '8th semester hostel fees'),
('170170119027', 8, 'BH-2', 1270, 0, '2022-10-15', 'DUE5297185', ' ', 'Approved', ''),
('170170119028', 7, 'BH-1', 1270, 0, '2022-10-15', 'DUE5223016', ' ', 'Approved', ''),
('170170119037', 7, 'BH-2', 1270, 0, '2022-10-15', 'DUE5191261', ' ', 'Approved', ''),
('170170119039', 7, 'BH-2', 1270, 0, '2022-10-15', 'DUE5191529', ' ', 'Approved', 'BH2-2210'),
('170170119041', 7, 'BH-1', 1270, 0, '2022-10-15', 'DUE5256821', ' ', 'Approved', 'Hostel fee'),
('170170119042', 7, 'BH-2', 1270, 0, '2022-10-15', 'DUE5084529', ' ', 'Approved', ''),
('170170124002', 8, 'BH-2', 1270, 0, '2022-10-15', 'DUE5418318', ' ', 'Approved', 'Hostel fee'),
('170170124019', 7, 'BH-2', 1270, 0, '2022-10-15', 'DUE5023085', ' ', 'Approved', ''),
('170170124029', 8, 'BH-2', 1270, 0, '2022-10-15', 'DUE5568687', ' ', 'Approved', 'fees'),
('170173111006', 8, 'BH-1', 1270, 0, '2022-10-15', 'DUE5917003', ' ', 'Approved', 'Hostel fees'),
('180170105002', 6, 'BH-2', 1270, 0, '2022-10-15', 'DUE5124556', ' ', 'Approved', ''),
('180170105003', 6, 'BH-1', 1270, 0, '2022-10-15', 'DUE7780572', ' ', 'Approved', ''),
('180170105009', 6, 'BH-2', 1270, 0, '2022-10-15', 'DUE5425937', ' ', 'Approved', ''),
('180170105010', 6, 'BH-2', 1270, 0, '2022-10-15', 'DUE5643284', ' ', 'Approved', ''),
('180170105011', 6, 'BH-2', 1270, 0, '2022-10-15', 'DUE5696354', ' ', 'Approved', ''),
('180170105013', 6, 'BH-2', 1270, 0, '2022-10-15', 'DUE5658068', ' ', 'Approved', ''),
('180170105014', 6, 'BH-2', 1270, 0, '2022-10-15', 'DUE5500715', ' ', 'Approved', ''),
('180170105018', 6, 'BH-1', 1270, 0, '2022-10-15', 'DUE5685346', ' ', 'Approved', 'Hostel fee sem 6th '),
('180170105040', 6, 'BH-2', 1270, 0, '2022-10-15', 'DUE5727073', ' ', 'Approved', 'HOSTEL FEE SEM 6'),
('180170105041', 6, 'BH-2', 1270, 0, '2022-10-15', 'DUE5647647', ' ', 'Approved', ''),
('180170105049', 6, 'BH-2', 1270, 0, '2022-10-15', 'DUE5629506', ' ', 'Approved', ''),
('180170105060', 6, 'BH-1', 1270, 0, '2022-10-15', 'DUE5809833', ' ', 'Approved', 'SEM 6 HOSTEL FEE'),
('180170106001', 6, 'BH-2', 1270, 0, '2022-10-15', 'DUE7504509', ' ', 'Approved', ''),
('180170106013', 6, 'BH-2', 1270, 0, '2022-10-15', 'DUE5667008', ' ', 'Approved', ''),
('180170106017', 6, 'BH-1', 1270, 0, '2022-10-15', 'DUE5787586', ' ', 'Approved', ''),
('180170106020', 6, 'BH-2', 1270, 0, '2022-10-15', 'DUE5833239', ' ', 'Approved', 'None'),
('180170106024', 6, 'BH-2', 1270, 0, '2022-10-15', 'DUE5535736', ' ', 'Approved', 'Hostel fees'),
('180170106030', 6, 'BH-2', 1270, 0, '2022-10-15', 'DUE5628770', ' ', 'Approved', 'None '),
('180170106038', 6, 'BH-2', 1270, 0, '2022-10-15', 'DUE5770207', ' ', 'Approved', '6th Sem Hostel fees'),
('180170106060', 6, 'BH-2', 1270, 0, '2022-10-15', 'DUE5788797', ' ', 'Approved', ''),
('180170106061', 6, 'BH-1', 1270, 0, '2022-10-15', 'DUE5850219', ' ', 'Approved', ''),
('180170107019', 6, 'BH-2', 1270, 0, '2022-10-15', 'DUE5504495', ' ', 'Approved', ''),
('180170107025', 6, 'BH-2', 1270, 0, '2022-10-15', 'DUE5737038', ' ', 'Approved', ''),
('180170107027', 6, 'BH-2', 1270, 0, '2022-10-15', 'DUE5506506', ' ', 'Approved', ''),
('180170107030', 6, 'BH-2', 1270, 0, '2022-10-15', 'DUE5143843', ' ', 'Approved', 'Hostel Fee SEM 6'),
('180170107036', 6, 'BH-1', 1270, 0, '2022-10-15', 'DUE5652572', ' ', 'Approved', ''),
('180170107037', 6, 'BH-2', 1270, 0, '2022-10-15', 'DUE5753120', ' ', 'Approved', 'Hostel Fees'),
('180170107043', 6, 'BH-1', 1270, 0, '2022-10-15', 'DUE5206709', ' ', 'Approved', ''),
('180170107045', 6, 'BH-2', 1270, 0, '2022-10-15', 'DUE5431990', ' ', 'Approved', ''),
('180170107050', 6, 'BH-2', 1270, 0, '2022-10-15', 'DUE5472503', ' ', 'Approved', ''),
('180170107077', 6, 'BH-1', 1270, 0, '2022-10-15', 'DUE5424494', ' ', 'Approved', 'SEM 6 Hostel Fees'),
('180170107079', 6, 'BH-2', 1270, 0, '2022-10-15', 'DUE5459823', ' ', 'Approved', 'Hostel fee'),
('180170107092', 6, 'BH-2', 1270, 0, '2022-10-15', 'DUE5433493', ' ', 'Approved', ''),
('180170107098', 6, 'BH-2', 1270, 0, '2022-10-15', 'DUE5468590', ' ', 'Approved', ''),
('180170107102', 6, 'BH-2', 1270, 0, '2022-10-15', 'DUE4952307', ' ', 'Approved', ''),
('180170107103', 6, 'BH-2', 1270, 0, '2022-10-15', 'DUE5139891', ' ', 'Approved', 'hostel 6th sem'),
('180170107108', 6, 'BH-2', 1270, 0, '2022-10-15', 'DUE5062000', ' ', 'Approved', ''),
('180170107111', 6, 'BH-1', 1270, 0, '2022-10-15', 'DUE4939068', ' ', 'Approved', 'SEM 6 HOSTEL FEES'),
('180170107119', 6, 'BH-2', 1270, 0, '2022-10-15', 'DUE5721941', ' ', 'Approved', ''),
('180170109008', 6, 'BH-2', 1270, 0, '2022-10-15', 'DUE5860046', ' ', 'Approved', 'Hostel fee sem6 hitesh '),
('180170109009', 6, 'BH-2', 1270, 0, '2022-10-15', 'DUE5773357', ' ', 'Approved', 'Hostel fee sem 6'),
('180170109013', 6, 'BH-2', 1270, 0, '2022-10-15', 'DUE5727453', ' ', 'Approved', ''),
('180170109018', 6, 'BH-2', 1270, 0, '2022-10-15', 'DUE5640399', ' ', 'Approved', 'For Sem 6 hostel fees.'),
('180170109021', 6, 'BH-2', 1270, 0, '2022-10-15', 'DUE5642636', ' ', 'Approved', ''),
('180170109033', 5, 'BH-2', 1270, 0, '2022-10-15', 'DUE4669365', ' ', 'Approved', 'Sem 5 Hostel fees'),
('180170109040', 6, 'BH-2', 1270, 0, '2022-10-15', 'DUE5774567', ' ', 'Approved', ''),
('180170109041', 6, 'BH-2', 1270, 0, '2022-10-15', 'DUE5919041', ' ', 'Approved', 'HOSTEL FEES 6 SEMESTER'),
('180170109046', 6, 'BH-2', 1270, 0, '2022-10-15', 'DUE7737788', ' ', 'Approved', 'Hostel fees sem 6'),
('180170109050', 5, 'BH-2', 1270, 0, '2022-10-15', 'DUE4927032', ' ', 'Approved', 'Hostel fees'),
('180170109053', 6, 'BH-2', 1270, 0, '2022-10-15', 'DUE5858835', ' ', 'Approved', 'Hostel fee'),
('180170109061', 6, 'BH-2', 1270, 0, '2022-10-15', 'DUE5484401', ' ', 'Approved', 'Hostel fee'),
('180170109072', 6, 'BH-2', 1270, 0, '2022-10-15', 'DUE5654844', ' ', 'Approved', '..'),
('180170109087', 6, 'BH-2', 1270, 0, '2022-10-15', 'DUE5668645', ' ', 'Approved', ''),
('180170109109', 6, 'BH-2', 1270, 0, '2022-10-15', 'DUE5832270', ' ', 'Approved', ''),
('180170109114', 6, 'BH-1', 1270, 0, '2022-10-15', 'DUE5645643', ' ', 'Approved', 'HOSTEL FEES-BH1-1308'),
('180170111014', 6, 'BH-2', 1270, 0, '2022-10-15', 'DUE5838569', ' ', 'Approved', ''),
('180170111018', 6, 'BH-1', 1270, 0, '2022-10-15', 'DUE5830492', ' ', 'Approved', ''),
('180170111034', 6, 'BH-2', 1270, 0, '2022-10-15', 'DUE5797757', ' ', 'Approved', ''),
('180170111044', 6, 'BH-2', 1270, 0, '2022-10-15', 'DUE7357129', ' ', 'Approved', 'Hostel fees'),
('180170111046', 6, 'BH-2', 1270, 0, '2022-10-15', 'DUE5753109', ' ', 'Approved', ''),
('180170111055', 6, 'BH-2', 1270, 0, '2022-10-15', 'DUE5789189', ' ', 'Approved', 'Hostel fee '),
('180170111075', 6, 'BH-2', 1270, 0, '2022-10-15', 'DUE5768573', ' ', 'Approved', ''),
('180170111089', 6, 'BH-2', 1270, 0, '2022-10-15', 'DUE5824765', ' ', 'Approved', ''),
('180170111091', 6, 'BH-2', 1270, 0, '2022-10-15', 'DUE5337628', ' ', 'Approved', '0'),
('180170111100', 6, 'BH-2', 1270, 0, '2022-10-15', 'DUE5778019', ' ', 'Approved', 'Hostel fee'),
('180170111112', 6, 'BH-2', 1270, 0, '2022-10-15', 'DUE5024689', ' ', 'Approved', 'Hostel fee'),
('180170111114', 6, 'BH-2', 1270, 0, '2022-10-15', 'DUE5676396', ' ', 'Approved', ''),
('180170111116', 6, 'BH-1', 1270, 0, '2022-10-15', 'DUE5501536', ' ', 'Approved', 'Hostel Fees Payment for sem 6/ summer'),
('180170111120', 6, 'BH-2', 1270, 0, '2022-10-15', 'DUE5129213', ' ', 'Approved', 'Sem 6 Hostel fee'),
('180170111122', 6, 'BH-2', 1270, 0, '2022-10-15', 'DUE7385095', ' ', 'Approved', ''),
('180170116001', 6, 'BH-2', 1270, 0, '2022-10-15', 'DUE5388645', ' ', 'Approved', 'SEM 6 HOSTEL FEE'),
('180170116011', 6, 'BH-2', 1270, 0, '2022-10-15', 'DUE5654695', ' ', 'Approved', 'Hostel Fee Semester 6'),
('180170116018', 6, 'BH-2', 1270, 0, '2022-10-15', 'DUE5590561', ' ', 'Approved', ''),
('180170116019', 6, 'BH-1', 1270, 0, '2022-10-15', 'DUE5365158', ' ', 'Approved', ''),
('180170116038', 6, 'BH-2', 1270, 0, '2022-10-15', 'DUE5919490', ' ', 'Approved', ''),
('180170116041', 6, 'BH-2', 1270, 0, '2022-10-15', 'DUE5757314', ' ', 'Approved', 'Hostel fees sem 6'),
('180170117017', 6, 'BH-1', 1270, 0, '2022-10-15', 'DUE5456913', ' ', 'Approved', 'Hostel fee'),
('180170117026', 6, 'BH-2', 1270, 0, '2022-10-15', 'DUE5204228', ' ', 'Approved', 'Hostel Fees'),
('180170117031', 6, 'BH-2', 1270, 0, '2022-10-15', 'DUE5710034', ' ', 'Approved', 'Hostel Fees'),
('180170117041', 6, 'BH-2', 1270, 0, '2022-10-15', 'DUE5444966', ' ', 'Approved', ''),
('180170117054', 6, 'BH-2', 1270, 0, '2022-10-15', 'DUE5735174', ' ', 'Approved', ''),
('180170117061', 6, 'BH-1', 1270, 0, '2022-10-15', 'DUE5330329', ' ', 'Approved', 'Hostel Fee'),
('180170119008', 6, 'BH-2', 1270, 0, '2022-10-15', 'DUE5902886', ' ', 'Approved', ''),
('180170119011', 6, 'BH-2', 1270, 0, '2022-10-15', 'DUE5520658', ' ', 'Approved', ''),
('180170119012', 6, 'BH-1', 1270, 0, '2022-10-15', 'DUE5558352', ' ', 'Approved', ''),
('180170119023', 1, 'BH-1', 1250, 0, '2020-01-06', 'DUE7484474', '', 'Approved', ''),
('180170119023', 6, 'BH-1', 1270, 0, '2022-10-15', 'DUE5866846', ' ', 'Approved', 'Hostel fee'),
('180170119028', 6, 'BH-1', 1270, 0, '2022-10-15', 'DUE5828255', ' ', 'Approved', ''),
('180170119040', 6, 'BH-1', 1270, 0, '2022-10-15', 'DUE5364109', ' ', 'Approved', 'Hostel sem 6 fees'),
('180170119051', 6, 'BH-2', 1270, 0, '2022-10-15', 'DUE5916252', ' ', 'Approved', 'HOSTEL FEE'),
('180170119056', 6, 'BH-1', 1270, 0, '2022-10-15', 'DUE5915004', ' ', 'Approved', 'Hostel fee '),
('180170119062', 6, 'BH-2', 1270, 0, '2022-10-15', 'DUE5876428', ' ', 'Approved', 'Hostel fee'),
('180170124012', 6, 'BH-1', 1270, 0, '2022-10-15', 'DUE4998151', ' ', 'Approved', 'SEM-6 HOSTEL FEES'),
('180173105004', 8, 'BH-1', 1270, 0, '2022-10-15', 'DUE5602435', ' ', 'Approved', 'HOSTEL FEES'),
('180173105009', 8, 'BH-1', 1270, 0, '2022-10-15', 'DUE5706548', ' ', 'Approved', '8th sem Hostel fees'),
('180173105012', 8, 'BH-1', 1270, 0, '2022-10-15', 'DUE5705399', ' ', 'Approved', 'Hostel fees'),
('180173107006', 8, 'BH-2', 1270, 0, '2022-10-15', 'DUE5428348', ' ', 'Approved', ''),
('180173107012', 8, 'BH-1', 1270, 0, '2022-10-15', 'DUE5463734', ' ', 'Approved', 'BH1-1105'),
('180173107020', 8, 'BH-1', 1270, 0, '2022-10-15', 'DUE5449660', ' ', 'Approved', ''),
('180173109003', 8, 'BH-1', 1270, 0, '2022-10-15', 'DUE5901668', ' ', 'Approved', ''),
('180173109010', 8, 'BH-1', 1270, 0, '2022-10-15', 'DUE5117457', ' ', 'Approved', ''),
('180173109013', 8, 'BH-1', 1270, 0, '2022-10-15', 'DUE5821035', ' ', 'Approved', 'Hostel fees'),
('180173109027', 8, 'BH-1', 1270, 0, '2022-10-15', 'DUE5291483', ' ', 'Approved', ''),
('180173109028', 7, 'BH-1', 1270, 0, '2022-10-15', 'DUE4676978', ' ', 'Approved', ''),
('180173109031', 8, 'BH-1', 1270, 0, '2022-10-15', 'DUE5392796', ' ', 'Approved', ''),
('180173111009', 8, 'BH-1', 1270, 0, '2022-10-15', 'DUE5891726', ' ', 'Approved', 'Hostel fee 8th semRoom 1106'),
('180173111017', 8, 'BH-1', 1270, 0, '2022-10-15', 'DUE5670977', ' ', 'Approved', 'Hostal free sam 8 (1106)'),
('180173111026', 8, 'BH-1', 1270, 0, '2022-10-15', 'DUE5841583', ' ', 'Approved', 'Hostel fees'),
('180173117008', 8, 'BH-1', 1270, 0, '2022-10-15', 'DUE5524835', ' ', 'Approved', ''),
('180173117013', 8, 'BH-1', 1270, 0, '2022-10-15', 'DUE5922649', ' ', 'Approved', ''),
('180173117014', 8, 'BH-1', 1270, 0, '2022-10-15', 'DUE5646389', ' ', 'Approved', ''),
('180173117015', 8, 'BH-1', 1270, 0, '2022-10-15', 'DUE5631680', ' ', 'Approved', ''),
('180173119009', 7, 'BH-1', 1270, 0, '2022-10-15', 'DUE4759897', ' ', 'Approved', 'Hostel fee'),
('180173124006', 8, 'BH-2', 1270, 0, '2022-10-15', 'DUE5449055', ' ', 'Approved', ''),
('180173124007', 8, 'BH-1', 1270, 0, '2022-10-15', 'DUE5186578', ' ', 'Approved', '8th Semester Hostel Fees'),
('180173124009', 8, 'BH-1', 1270, 0, '2022-10-15', 'DUE5524454', ' ', 'Approved', ''),
('180173124012', 8, 'BH-1', 1270, 0, '2022-10-15', 'DUE5452255', ' ', 'Approved', ''),
('180173124014', 8, 'BH-1', 1270, 0, '2022-10-15', 'DUE5439587', ' ', 'Approved', ''),
('182170107016', 6, 'BH-2', 1270, 0, '2022-10-15', 'DUE5469085', ' ', 'Approved', 'fees'),
('19010109145', 4, 'BH-1', 1270, 0, '2022-10-15', 'DUE5585420', ' ', 'Approved', ''),
('190170105009', 4, 'BH-1', 1270, 0, '2022-10-15', 'DUE5891849', ' ', 'Approved', 'Hostel Sem-4 fee'),
('190170105017', 4, 'BH-1', 1270, 0, '2022-10-15', 'DUE5652234', ' ', 'Approved', ''),
('190170105018', 4, 'BH-1', 1270, 0, '2022-10-15', 'DUE5669796', ' ', 'Approved', 'Hostel fee sem 4'),
('190170105022', 4, 'BH-1', 1270, 0, '2022-10-15', 'DUE5388238', ' ', 'Approved', 'Fee for hostel sem 4'),
('190170105028', 4, 'BH-1', 1270, 0, '2022-10-15', 'DUE5856071', ' ', 'Approved', 'sem 4 hostel fee'),
('190170105039', 4, 'BH-1', 1270, 0, '2022-10-15', 'DUE5730880', ' ', 'Approved', ''),
('190170105040', 4, 'BH-1', 1270, 0, '2022-10-15', 'DUE5655917', ' ', 'Approved', 'Hostel fees for semester 4'),
('190170105045', 4, 'BH-1', 1270, 0, '2022-10-15', 'DUE5840984', ' ', 'Approved', ''),
('190170106003', 4, 'BH-1', 1270, 0, '2022-10-15', 'DUE5887130', ' ', 'Approved', ''),
('190170106005', 4, 'BH-1', 1270, 0, '2022-10-15', 'DUE5763913', ' ', 'Approved', 'Hostel fee sem 4'),
('190170106010', 4, 'BH-1', 1270, 0, '2022-10-15', 'DUE5769102', ' ', 'Approved', ''),
('190170106011', 4, 'BH-1', 1270, 0, '2022-10-15', 'DUE5837177', ' ', 'Approved', ''),
('190170106025', 2, 'BH-1', 1270, 0, '2022-10-15', 'DUE7746950', ' ', 'Approved', ''),
('190170106036', 4, 'BH-1', 1270, 0, '2022-10-15', 'DUE5658218', ' ', 'Approved', ''),
('190170106042', 3, 'BH-1', 1270, 0, '2022-10-15', 'DUE4724603', ' ', 'Approved', 'BH1-1227HOSTEL FEE'),
('190170106043', 4, 'BH-1', 1270, 0, '2022-10-15', 'DUE5857700', ' ', 'Approved', 'hostel fee'),
('190170106059', 4, 'BH-1', 1270, 0, '2022-10-15', 'DUE5771528', ' ', 'Approved', ''),
('190170106063', 4, 'BH-1', 1270, 0, '2022-10-15', 'DUE5576542', ' ', 'Approved', ''),
('190170106082', 4, 'BH-1', 1270, 0, '2022-10-15', 'DUE5912848', ' ', 'Approved', ''),
('190170107002', 4, 'BH-1', 1270, 0, '2022-10-15', 'DUE5355833', ' ', 'Approved', 'Hostel fee for sem-4_2021'),
('190170107021', 4, 'BH-1', 1270, 0, '2022-10-15', 'DUE5233987', ' ', 'Approved', 'Hostel fee'),
('190170107047', 4, 'BH-1', 1270, 0, '2022-10-15', 'DUE5139967', ' ', 'Approved', 'Hostel Fee SEM 4'),
('190170107049', 4, 'BH-1', 1270, 0, '2022-10-15', 'DUE5334351', ' ', 'Approved', ''),
('190170107050', 4, 'BH-1', 1270, 0, '2022-10-15', 'DUE5650061', ' ', 'Approved', ''),
('190170107055', 4, 'BH-1', 1270, 0, '2022-10-15', 'DUE5386500', ' ', 'Approved', ''),
('190170107072', 4, 'BH-1', 1270, 0, '2022-10-15', 'DUE5279071', ' ', 'Approved', 'Hostel Fees'),
('190170107102', 4, 'BH-1', 1270, 0, '2022-10-15', 'DUE5326258', ' ', 'Approved', ''),
('190170107105', 4, 'BH-1', 1270, 0, '2022-10-15', 'DUE5465352', ' ', 'Approved', ''),
('190170107109', 4, 'BH-1', 1270, 0, '2022-10-15', 'DUE5469890', ' ', 'Approved', 'Hostel fee semester 4'),
('190170107111', 4, 'BH-1', 1270, 0, '2022-10-15', 'DUE5312598', ' ', 'Approved', 'Hostel fee'),
('190170107130', 4, 'BH-1', 1270, 0, '2022-10-15', 'DUE5181621', ' ', 'Approved', 'Hostel fees sem 4'),
('190170107142', 4, 'BH-1', 1270, 0, '2022-10-15', 'DUE5662693', ' ', 'Approved', ''),
('190170107151', 4, 'BH-1', 1270, 0, '2022-10-15', 'DUE5161226', ' ', 'Approved', ''),
('190170107157', 4, 'BH-1', 1270, 0, '2022-10-15', 'DUE5489533', ' ', 'Approved', 'HOSTEL FEES SEM 4'),
('190170109004', 4, 'BH-1', 1270, 0, '2022-10-15', 'DUE5118472', ' ', 'Approved', 'For hostel fee'),
('190170109008', 4, 'BH-1', 1270, 0, '2022-10-15', 'DUE5878567', ' ', 'Approved', ''),
('190170109010', 4, 'BH-1', 1270, 0, '2022-10-15', 'DUE5855003', ' ', 'Approved', 'Hostel fee'),
('190170109012', 4, 'BH-1', 1270, 0, '2022-10-15', 'DUE5840784', ' ', 'Approved', 'Hostel Fee'),
('190170109016', 4, 'BH-1', 1270, 0, '2022-10-15', 'DUE5882379', ' ', 'Approved', ''),
('190170109019', 4, 'BH-1', 1270, 0, '2022-10-15', 'DUE5398472', ' ', 'Approved', 'Hostel fees for sem 4'),
('190170109025', 3, 'BH-1', 1270, 0, '2022-10-15', 'DUE4724689', ' ', 'Approved', 'Bh1-1215'),
('190170109041', 4, 'BH-1', 1270, 0, '2022-10-15', 'DUE5696415', ' ', 'Approved', ''),
('190170109042', 4, 'BH-1', 1270, 0, '2022-10-15', 'DUE5848605', ' ', 'Approved', 'Hostel fees'),
('190170109044', 4, 'BH-1', 1270, 0, '2022-10-15', 'DUE5806610', ' ', 'Approved', 'Good'),
('190170109048', 4, 'BH-1', 1270, 0, '2022-10-15', 'DUE5649150', ' ', 'Approved', ''),
('190170109049', 4, 'BH-1', 1270, 0, '2022-10-15', 'DUE5767838', ' ', 'Approved', 'Hostel Fee'),
('190170109050', 4, 'BH-1', 1270, 0, '2022-10-15', 'DUE5782650', ' ', 'Approved', ''),
('190170109051', 4, 'BH-1', 1270, 0, '2022-10-15', 'DUE5820537', ' ', 'Approved', '4th sem hostel fees'),
('190170109068', 4, 'BH-1', 1270, 0, '2022-10-15', 'DUE5496934', ' ', 'Approved', ''),
('190170109075', 4, 'BH-1', 1270, 0, '2022-10-15', 'DUE5616348', ' ', 'Approved', 'Hostel fees sem 4'),
('190170109080', 4, 'BH-1', 1270, 0, '2022-10-15', 'DUE5681917', ' ', 'Approved', 'Hostel sem 4 fees'),
('190170109089', 4, 'BH-1', 1270, 0, '2022-10-15', 'DUE5803098', ' ', 'Approved', ''),
('190170109098', 4, 'BH-1', 1270, 0, '2022-10-15', 'DUE7733835', ' ', 'Approved', 'Hostel fee'),
('190170109116', 4, 'BH-1', 1270, 0, '2022-10-15', 'DUE5774662', ' ', 'Approved', 'Hostel fees-1211'),
('190170109124', 4, 'BH-1', 1270, 0, '2022-10-15', 'DUE5858658', ' ', 'Approved', ''),
('190170109147', 4, 'BH-1', 1270, 0, '2022-10-15', 'DUE5801401', ' ', 'Approved', '-'),
('190170109149', 4, 'BH-1', 1270, 0, '2022-10-15', 'DUE5888855', ' ', 'Approved', ''),
('190170109151', 4, 'BH-1', 1270, 0, '2022-10-15', 'DUE5886799', ' ', 'Approved', ''),
('190170109152', 4, 'BH-1', 1270, 0, '2022-10-15', 'DUE5840539', ' ', 'Approved', '.'),
('190170111002', 4, 'BH-1', 1270, 0, '2022-10-15', 'DUE5851857', ' ', 'Approved', 'sem 4 hostel fees'),
('190170111024', 4, 'BH-1', 1270, 0, '2022-10-15', 'DUE5630340', ' ', 'Approved', 'Submit Fee Receipt to the concerned faculty coordinator'),
('190170111026', 4, 'BH-1', 1270, 0, '2022-10-15', 'DUE5786989', ' ', 'Approved', 'Hi'),
('190170111028', 4, 'BH-1', 1270, 0, '2022-10-15', 'DUE5784663', ' ', 'Approved', ''),
('190170111034', 4, 'BH-1', 1270, 0, '2022-10-15', 'DUE5683959', ' ', 'Approved', 'Hostel Fee Sem 4'),
('190170111046', 4, 'BH-1', 1270, 0, '2022-10-15', 'DUE5718035', ' ', 'Approved', 'Sem4 hostel fees'),
('190170111052', 4, 'BH-1', 1270, 0, '2022-10-15', 'DUE5651998', ' ', 'Approved', 'Hostel fee'),
('190170111069', 4, 'BH-1', 1270, 0, '2022-10-15', 'DUE5675141', ' ', 'Approved', 'hostel - 4 '),
('190170111091', 4, 'BH-1', 1270, 0, '2022-10-15', 'DUE5791518', ' ', 'Approved', 'Hostel fees sem 4'),
('190170111097', 4, 'BH-1', 1270, 0, '2022-10-15', 'DUE5496442', ' ', 'Approved', ''),
('190170111105', 4, 'BH-1', 1270, 0, '2022-10-15', 'DUE5095439', ' ', 'Approved', '4th sem hostel fees'),
('190170111130', 4, 'BH-1', 1270, 0, '2022-10-15', 'DUE5644415', ' ', 'Approved', 'Hostel fees Sem-4'),
('190170111136', 4, 'BH-1', 1270, 0, '2022-10-15', 'DUE5738022', ' ', 'Approved', ''),
('190170116001', 4, 'BH-1', 1270, 0, '2022-10-15', 'DUE5693892', ' ', 'Approved', 'Hostel Fee'),
('190170116006', 4, 'BH-1', 1270, 0, '2022-10-15', 'DUE5799709', ' ', 'Approved', ''),
('190170116013', 4, 'BH-1', 1270, 0, '2022-10-15', 'DUE5745479', ' ', 'Approved', ''),
('190170116016', 4, 'BH-1', 1270, 0, '2022-10-15', 'DUE5328932', ' ', 'Approved', ''),
('190170116029', 4, 'BH-1', 1270, 0, '2022-10-15', 'DUE5920831', ' ', 'Approved', ''),
('190170116047', 4, 'BH-1', 1270, 0, '2022-10-15', 'DUE5834220', ' ', 'Approved', 'Good'),
('190170116049', 4, 'BH-1', 1270, 0, '2022-10-15', 'DUE5881241', ' ', 'Approved', ''),
('190170116066', 4, 'BH-1', 1270, 0, '2022-10-15', 'DUE5756791', ' ', 'Approved', 'Good'),
('190170116075', 4, 'BH-1', 1270, 0, '2022-10-15', 'DUE5685065', ' ', 'Approved', 'Semester 4 hostel fees successful paid...'),
('190170117004', 4, 'BH-1', 1270, 0, '2022-10-15', 'DUE5765821', ' ', 'Approved', 'Hostel fee'),
('190170117013', 4, 'BH-1', 1270, 0, '2022-10-15', 'DUE5794049', ' ', 'Approved', ''),
('190170117025', 4, 'BH-1', 1270, 0, '2022-10-15', 'DUE5451728', ' ', 'Approved', ''),
('190170117028', 4, 'BH-1', 1270, 0, '2022-10-15', 'DUE5766157', ' ', 'Approved', 'hostel  fee sem 4'),
('190170117044', 4, 'BH-1', 1270, 0, '2022-10-15', 'DUE5791122', ' ', 'Approved', ''),
('190170119005', 4, 'BH-1', 1270, 0, '2022-10-15', 'DUE5650713', ' ', 'Approved', ''),
('190170119010', 4, 'BH-1', 1270, 0, '2022-10-15', 'DUE5842055', ' ', 'Approved', 'Hostel Fee : Room No : 1304'),
('190170119013', 4, 'BH-1', 1270, 0, '2022-10-15', 'DUE5855812', ' ', 'Approved', ''),
('190170119018', 4, 'BH-1', 1270, 0, '2022-10-15', 'DUE5827619', ' ', 'Approved', 'Hostel fees. '),
('190170119060', 2, 'BH-1', 1270, 0, '2022-10-15', 'DUE4905918', ' ', 'Approved', 'Hostel fees sem-2.  2019-20'),
('190170119069', 4, 'BH-1', 1270, 0, '2022-10-15', 'DUE5607634', ' ', 'Approved', ''),
('190170119072', 2, 'BH-1', 1270, 0, '2022-10-15', 'DUE4910444', ' ', 'Approved', 'HOSTEL SEM-2 FEES, 2019-20'),
('190170119073', 4, 'BH-1', 1270, 0, '2022-10-15', 'DUE5606173', ' ', 'Approved', ''),
('190170119074', 4, 'BH-1', 1270, 0, '2022-10-15', 'DUE5608637', ' ', 'Approved', 'hostel fees'),
('190170119076', 4, 'BH-1', 1270, 0, '2022-10-15', 'DUE5893213', ' ', 'Approved', ''),
('190170124006', 4, 'BH-1', 1270, 0, '2022-10-15', 'DUE5826240', ' ', 'Approved', ''),
('190170124012', 4, 'BH-1', 1270, 0, '2022-10-15', 'DUE5810063', ' ', 'Approved', ''),
('190170124030', 4, 'BH-1', 1270, 0, '2022-10-15', 'DUE5354327', ' ', 'Approved', 'Hostel fees sem 4'),
('190170124032', 3, 'BH-1', 1270, 0, '2022-10-15', 'DUE5205384', ' ', 'Approved', ''),
('190170124038', 4, 'BH-1', 1270, 0, '2022-10-15', 'DUE5819142', ' ', 'Approved', 'sem 4 hostel fee'),
('190170726002', 4, 'BH-2', 1270, 0, '2022-10-15', 'DUE5889826', ' ', 'Approved', 'Hostel fees'),
('190170726003', 4, 'BH-1', 1270, 0, '2022-10-15', 'DUE5873612', ' ', 'Approved', ''),
('190170726011', 4, 'BH-2', 1270, 0, '2022-10-15', 'DUE5916487', ' ', 'Approved', ''),
('190170726017', 4, 'BH-2', 1270, 0, '2022-10-15', 'DUE5890132', ' ', 'Approved', ''),
('190170730014', 4, 'BH-2', 1270, 0, '2022-10-15', 'DUE5737346', ' ', 'Approved', 'Hostel Fees'),
('190170730018', 4, 'BH-2', 1270, 0, '2022-10-15', 'DUE5737742', ' ', 'Approved', 'Hostel Fees'),
('190173105003', 6, 'BH-2', 1270, 0, '2022-10-15', 'DUE5173448', ' ', 'Approved', ''),
('190173105005', 6, 'BH-1', 1270, 0, '2022-10-15', 'DUE5666032', ' ', 'Approved', ''),
('190173105011', 6, 'BH-2', 1270, 0, '2022-10-15', 'DUE5279212', ' ', 'Approved', 'Hostel Fees'),
('190173106001', 6, 'BH-2', 1270, 0, '2022-10-15', 'DUE5629689', ' ', 'Approved', ''),
('190173106011', 6, 'BH-2', 1270, 0, '2022-10-15', 'DUE5632730', ' ', 'Approved', 'Boys Hostel-2 Room no 2215'),
('190173107009', 6, 'BH-2', 1270, 0, '2022-10-15', 'DUE5435865', ' ', 'Approved', ''),
('190173109005', 6, 'BH-2', 1270, 0, '2022-10-15', 'DUE5828654', ' ', 'Approved', ''),
('190173109006', 6, 'BH-2', 1270, 0, '2022-10-15', 'DUE5917503', ' ', 'Approved', 'D2D ELECTRICAL'),
('190173109009', 6, 'BH-2', 1270, 0, '2022-10-15', 'DUE5682909', ' ', 'Approved', ''),
('190173109010', 6, 'BH-2', 1270, 0, '2022-10-15', 'DUE5501530', ' ', 'Approved', ''),
('190173109014', 6, 'BH-2', 1270, 0, '2022-10-15', 'DUE5181443', ' ', 'Approved', ''),
('190173109032', 6, 'BH-2', 1270, 0, '2022-10-15', 'DUE5838593', ' ', 'Approved', ''),
('190173111008', 6, 'BH-2', 1270, 0, '2022-10-15', 'DUE5848822', ' ', 'Approved', ''),
('190173111010', 6, 'BH-2', 1270, 0, '2022-10-15', 'DUE5876514', ' ', 'Approved', '.'),
('190173111011', 6, 'BH-2', 1270, 0, '2022-10-15', 'DUE5879964', ' ', 'Approved', ''),
('190173116012', 6, 'BH-2', 1270, 0, '2022-10-15', 'DUE5588905', ' ', 'Approved', ''),
('190173116017', 6, 'BH-1', 1270, 0, '2022-10-15', 'DUE5675078', ' ', 'Approved', 'Hostel Fee Sem-6'),
('190173116018', 6, 'BH-2', 1270, 0, '2022-10-15', 'DUE5521176', ' ', 'Approved', 'Hostel fee'),
('190173116023', 6, 'BH-2', 1270, 0, '2022-10-15', 'DUE5768303', ' ', 'Approved', ''),
('190173117001', 6, 'BH-2', 1270, 0, '2022-10-15', 'DUE5769189', ' ', 'Approved', '. '),
('190173117005', 6, 'BH-2', 1270, 0, '2022-10-15', 'DUE5782361', ' ', 'Approved', ''),
('190173117012', 6, 'BH-2', 1270, 0, '2022-10-15', 'DUE5848284', ' ', 'Approved', ''),
('190173119001', 6, 'BH-2', 1270, 0, '2022-10-15', 'DUE5896533', ' ', 'Approved', '6th sem Hostel fees'),
('190173119002', 6, 'BH-2', 1270, 0, '2022-10-15', 'DUE5877509', ' ', 'Approved', 'Hostel fee 6th sem'),
('190173119012', 6, 'BH-2', 1270, 0, '2022-10-15', 'DUE5898851', ' ', 'Approved', ''),
('190173124005', 6, 'BH-2', 1270, 0, '2022-10-15', 'DUE5690105', ' ', 'Approved', 'Fee'),
('190173124007', 6, 'BH-2', 1270, 0, '2022-10-15', 'DUE5623174', ' ', 'Approved', 'Fee'),
('19070117003', 4, 'BH-1', 1270, 0, '2022-10-15', 'DUE5319643', ' ', 'Approved', 'Dhaval Arambhadiya Hostel Fees'),
('200170105005', 2, 'BH-2', 1270, 0, '2022-10-15', 'DUE7778807', ' ', 'Approved', ''),
('200170105007', 2, 'BH-2', 1270, 0, '2022-10-15', 'DUE7821120', ' ', 'Approved', ''),
('200170105010', 2, 'BH-2', 1270, 0, '2022-10-15', 'DUE7810187', ' ', 'Approved', ''),
('200170105011', 2, 'BH-2', 1270, 0, '2022-10-15', 'DUE7750600', ' ', 'Approved', ''),
('200170105025', 2, 'BH-2', 1270, 0, '2022-10-15', 'DUE7773531', ' ', 'Approved', ''),
('200170105030', 2, 'BH-2', 1270, 0, '2022-10-15', 'DUE7726001', ' ', 'Approved', ''),
('200170105033', 2, 'BH-2', 1270, 0, '2022-10-15', 'DUE7751788', ' ', 'Approved', ''),
('200170105055', 2, 'BH-2', 1270, 0, '2022-10-15', 'DUE7781343', ' ', 'Approved', ''),
('200170105056', 2, 'BH-2', 1270, 0, '2022-10-15', 'DUE7798432', ' ', 'Approved', ''),
('200170105508', 4, 'BH-2', 1270, 0, '2022-10-15', 'DUE5603096', ' ', 'Approved', ''),
('200170105513', 4, 'BH-2', 1270, 0, '2022-10-15', 'DUE5726113', ' ', 'Approved', ''),
('200170106005', 2, 'BH-2', 1270, 0, '2022-10-15', 'DUE7762846', ' ', 'Approved', ''),
('200170106006', 2, 'BH-2', 1270, 0, '2022-10-15', 'DUE7704113', ' ', 'Approved', ''),
('200170106008', 2, 'BH-2', 1270, 0, '2022-10-15', 'DUE7747323', ' ', 'Approved', ''),
('200170106011', 2, 'BH-2', 1270, 0, '2022-10-15', 'DUE7747285', ' ', 'Approved', ''),
('200170106016', 2, 'BH-2', 1270, 0, '2022-10-15', 'DUE7815772', ' ', 'Approved', ''),
('200170106018', 2, 'BH-2', 1270, 0, '2022-10-15', 'DUE7784241', ' ', 'Approved', 'Without staying in hostel giving hostel fee. Good source of earning by the institution.'),
('200170106054', 2, 'BH-2', 1270, 0, '2022-10-15', 'DUE7810379', ' ', 'Approved', ''),
('200170106066', 2, 'BH-2', 1270, 0, '2022-10-15', 'DUE7809746', ' ', 'Approved', 'Hostel fees'),
('200170106074', 1, 'BH-2', 1270, 0, '2022-10-15', 'DUE5454227', ' ', 'Approved', ''),
('200170106507', 4, 'BH-2', 1270, 0, '2022-10-15', 'DUE5746081', ' ', 'Approved', ''),
('200170106512', 4, 'BH-2', 1270, 0, '2022-10-15', 'DUE5579414', ' ', 'Approved', ''),
('200170107011', 2, 'BH-2', 1270, 0, '2022-10-15', 'DUE7662375', ' ', 'Approved', ''),
('200170107015', 2, 'BH-2', 1270, 0, '2022-10-15', 'DUE7392117', ' ', 'Approved', ''),
('200170107017', 2, 'BH-2', 1270, 0, '2022-10-15', 'DUE7396705', ' ', 'Approved', ''),
('200170107021', 2, 'BH-2', 1270, 0, '2022-10-15', 'DUE7466481', ' ', 'Approved', ''),
('200170107022', 2, 'BH-1', 1270, 0, '2022-10-15', 'DUE7797430', ' ', 'Approved', ''),
('200170107030', 2, 'BH-2', 1270, 0, '2022-10-15', 'DUE7393793', ' ', 'Approved', ''),
('200170107031', 2, 'BH-2', 1270, 0, '2022-10-15', 'DUE7625726', ' ', 'Approved', ''),
('200170107035', 2, 'BH-2', 1270, 0, '2022-10-15', 'DUE7508120', ' ', 'Approved', ''),
('200170107040', 2, 'BH-2', 1270, 0, '2022-10-15', 'DUE7610760', ' ', 'Approved', ''),
('200170107044', 2, 'BH-2', 1270, 0, '2022-10-15', 'DUE7523995', ' ', 'Approved', ''),
('200170107045', 2, 'BH-2', 1270, 0, '2022-10-15', 'DUE7469316', ' ', 'Approved', ''),
('200170107054', 2, 'BH-2', 1270, 0, '2022-10-15', 'DUE7535185', ' ', 'Approved', ''),
('200170107056', 2, 'BH-2', 1270, 0, '2022-10-15', 'DUE7447209', ' ', 'Approved', 'Hostel fees'),
('200170107061', 2, 'BH-2', 1270, 0, '2022-10-15', 'DUE7429481', ' ', 'Approved', ''),
('200170107063', 2, 'BH-2', 1270, 0, '2022-10-15', 'DUE7480305', ' ', 'Approved', ''),
('200170107064', 2, 'BH-2', 1270, 0, '2022-10-15', 'DUE7651772', ' ', 'Approved', ''),
('200170107072', 2, 'BH-2', 1270, 0, '2022-10-15', 'DUE7672174', ' ', 'Approved', ''),
('200170107073', 2, 'BH-2', 1270, 0, '2022-10-15', 'DUE7651330', ' ', 'Approved', ''),
('200170107080', 2, 'BH-2', 1270, 0, '2022-10-15', 'DUE7661916', ' ', 'Approved', ''),
('200170107088', 2, 'BH-2', 1270, 0, '2022-10-15', 'DUE7676001', ' ', 'Approved', ''),
('200170107090', 2, 'BH-2', 1270, 0, '2022-10-15', 'DUE7653009', ' ', 'Approved', 'sem 2 hostel fees'),
('200170107093', 2, 'BH-2', 1270, 0, '2022-10-15', 'DUE7813529', ' ', 'Approved', ''),
('200170107094', 2, 'BH-2', 1270, 0, '2022-10-15', 'DUE7706514', ' ', 'Approved', ''),
('200170107097', 2, 'BH-1', 1270, 0, '2022-10-15', 'DUE7541261', ' ', 'Approved', ''),
('200170107131', 1, 'BH-2', 1270, 0, '2022-10-15', 'DUE5458133', ' ', 'Approved', ''),
('200170107138', 1, 'BH-2', 1270, 0, '2022-10-15', 'DUE5452279', ' ', 'Approved', ''),
('200170107139', 2, 'BH-2', 1270, 0, '2022-10-15', 'DUE7754788', ' ', 'Approved', ''),
('200170109001', 2, 'BH-2', 1270, 0, '2022-10-15', 'DUE7618299', ' ', 'Approved', ''),
('200170109011', 2, 'BH-2', 1270, 0, '2022-10-15', 'DUE7733669', ' ', 'Approved', '2nd sem hostel fee'),
('200170109012', 2, 'BH-2', 1270, 0, '2022-10-15', 'DUE7707764', ' ', 'Approved', ''),
('200170109013', 2, 'BH-2', 1270, 0, '2022-10-15', 'DUE7632847', ' ', 'Approved', ''),
('200170109016', 2, 'BH-2', 1270, 0, '2022-10-15', 'DUE7711747', ' ', 'Approved', '2nd semester Hostel feesRoom number: 2230'),
('200170109020', 2, 'BH-2', 1270, 0, '2022-10-15', 'DUE7779331', ' ', 'Approved', ''),
('200170109021', 2, 'BH-2', 1270, 0, '2022-10-15', 'DUE7674705', ' ', 'Approved', ''),
('200170109022', 2, 'BH-2', 1270, 0, '2022-10-15', 'DUE7522272', ' ', 'Approved', ''),
('200170109032', 2, 'BH-2', 1270, 0, '2022-10-15', 'DUE7660944', ' ', 'Approved', ''),
('200170109041', 2, 'BH-2', 1270, 0, '2022-10-15', 'DUE7511168', ' ', 'Approved', '2nd SEM HOSTEL FEES PAID'),
('200170109047', 2, 'BH-2', 1270, 0, '2022-10-15', 'DUE7783771', ' ', 'Approved', ''),
('200170109050', 2, 'BH-2', 1270, 0, '2022-10-15', 'DUE7791823', ' ', 'Approved', ''),
('200170109051', 2, 'BH-2', 1270, 0, '2022-10-15', 'DUE7509207', ' ', 'Approved', ''),
('200170109052', 2, 'BH-2', 1270, 0, '2022-10-15', 'DUE7804579', ' ', 'Approved', ''),
('200170109065', 2, 'BH-2', 1270, 0, '2022-10-15', 'DUE7798168', ' ', 'Approved', ''),
('200170109069', 2, 'BH-2', 1270, 0, '2022-10-15', 'DUE7710124', ' ', 'Approved', ''),
('200170109097', 2, 'BH-2', 1270, 0, '2022-10-15', 'DUE7686702', ' ', 'Approved', ''),
('200170109505', 4, 'BH-1', 1270, 0, '2022-10-15', 'DUE5845427', ' ', 'Approved', 'Hostel Fees 4th Sem'),
('200170109509', 4, 'BH-1', 1270, 0, '2022-10-15', 'DUE5901633', ' ', 'Approved', ''),
('200170109517', 4, 'BH-1', 1270, 0, '2022-10-15', 'DUE5756422', ' ', 'Approved', ''),
('200170109519', 4, 'BH-1', 1270, 0, '2022-10-15', 'DUE5683840', ' ', 'Approved', 'Submitted all details on my Knowledge'),
('200170111015', 2, 'BH-1', 1270, 0, '2022-10-15', 'DUE7670798', ' ', 'Approved', ''),
('200170111022', 2, 'BH-1', 1270, 0, '2022-10-15', 'DUE7827820', ' ', 'Approved', ''),
('200170111025', 2, 'BH-1', 1270, 0, '2022-10-15', 'DUE7499405', ' ', 'Approved', ''),
('200170111026', 2, 'BH-1', 1270, 0, '2022-10-15', 'DUE7499782', ' ', 'Approved', ''),
('200170111030', 2, 'BH-2', 1270, 0, '2022-10-15', 'DUE7837128', ' ', 'Approved', ''),
('200170111034', 2, 'BH-1', 1270, 0, '2022-10-15', 'DUE7664333', ' ', 'Approved', ''),
('200170111035', 2, 'BH-1', 1270, 0, '2022-10-15', 'DUE7636961', ' ', 'Approved', ''),
('200170111068', 2, 'BH-1', 1270, 0, '2022-10-15', 'DUE7508730', ' ', 'Approved', ''),
('200170111071', 2, 'BH-1', 1270, 0, '2022-10-15', 'DUE7797242', ' ', 'Approved', ''),
('200170111074', 2, 'BH-1', 1270, 0, '2022-10-15', 'DUE7750318', ' ', 'Approved', ''),
('200170111075', 2, 'BH-1', 1270, 0, '2022-10-15', 'DUE7808614', ' ', 'Approved', ''),
('200170111097', 2, 'BH-1', 1270, 0, '2022-10-15', 'DUE7726803', ' ', 'Approved', 'Hostel Fees'),
('200170111100', 2, 'BH-1', 1270, 0, '2022-10-15', 'DUE7779405', ' ', 'Approved', ''),
('200170111107', 2, 'BH-1', 1270, 0, '2022-10-15', 'DUE7817669', ' ', 'Approved', ''),
('200170111114', 2, 'BH-1', 1270, 0, '2022-10-15', 'DUE7761364', ' ', 'Approved', ''),
('200170111115', 2, 'BH-1', 1270, 0, '2022-10-15', 'DUE7819859', ' ', 'Approved', ''),
('200170111119', 2, 'BH-1', 1270, 0, '2022-10-15', 'DUE7817097', ' ', 'Approved', ''),
('200170111502', 4, 'BH-1', 1270, 0, '2022-10-15', 'DUE5130749', ' ', 'Approved', ''),
('200170111516', 4, 'BH-1', 1270, 0, '2022-10-15', 'DUE5528568', ' ', 'Approved', 'Hostel Fees 4th Sem  D2D Student '),
('200170111518', 4, 'BH-1', 1270, 0, '2022-10-15', 'DUE5629807', ' ', 'Approved', ''),
('200170111525', 4, 'BH-1', 1270, 0, '2022-10-15', 'DUE5780159', ' ', 'Approved', ''),
('200170116007', 2, 'BH-1', 1270, 0, '2022-10-15', 'DUE7729475', ' ', 'Approved', ''),
('200170116018', 2, 'BH-1', 1270, 0, '2022-10-15', 'DUE7759586', ' ', 'Approved', 'HOSTEL FEES'),
('200170116019', 2, 'BH-1', 1270, 0, '2022-10-15', 'DUE7602729', ' ', 'Approved', ''),
('200170116021', 2, 'BH-1', 1270, 0, '2022-10-15', 'DUE7800451', ' ', 'Approved', '.'),
('200170116037', 2, 'BH-1', 1270, 0, '2022-10-15', 'DUE7782748', ' ', 'Approved', 'hostel fees solanki archit enrollment no 200170116037'),
('200170116042', 2, 'BH-1', 1270, 0, '2022-10-15', 'DUE7575401', ' ', 'Approved', '200170116042 hostel fee sem 2'),
('200170116059', 2, 'BH-1', 1270, 0, '2022-10-15', 'DUE7650312', ' ', 'Approved', ''),
('200170116060', 2, 'BH-1', 1270, 0, '2022-10-15', 'DUE7777601', ' ', 'Approved', ''),
('200170116063', 2, 'BH-1', 1270, 0, '2022-10-15', 'DUE7750898', ' ', 'Approved', 'My permanent Room No. is 1114, but temporary Room No. 2207 is alloted to me.'),
('200170116507', 4, 'BH-2', 1270, 0, '2022-10-15', 'DUE5721394', ' ', 'Approved', 'hostel fees for sem4'),
('200170117002', 2, 'BH-1', 1270, 0, '2022-10-15', 'DUE7502124', ' ', 'Approved', ''),
('200170117007', 2, 'BH-1', 1270, 0, '2022-10-15', 'DUE7661778', ' ', 'Approved', 'HOSTEL FEES SEM 2'),
('200170117009', 2, 'BH-1', 1270, 0, '2022-10-15', 'DUE7510494', ' ', 'Approved', ''),
('200170117010', 2, 'BH-2', 1270, 0, '2022-10-15', 'DUE7647224', ' ', 'Approved', ''),
('200170117011', 2, 'BH-1', 1270, 0, '2022-10-15', 'DUE7737782', ' ', 'Approved', ''),
('200170117020', 2, 'BH-1', 1270, 0, '2022-10-15', 'DUE7820702', ' ', 'Approved', ''),
('200170117023', 2, 'BH-1', 1270, 0, '2022-10-15', 'DUE7672169', ' ', 'Approved', ''),
('200170117048', 2, 'BH-1', 1270, 0, '2022-10-15', 'DUE7684449', ' ', 'Approved', ''),
('200170117060', 2, 'BH-1', 1270, 0, '2022-10-15', 'DUE7737127', ' ', 'Approved', ''),
('200170117522', 4, 'BH-2', 1270, 0, '2022-10-15', 'DUE5859613', ' ', 'Approved', ''),
('200170119001', 2, 'BH-1', 1270, 0, '2022-10-15', 'DUE7821711', ' ', 'Approved', 'Hostel fees'),
('200170119020', 2, 'BH-1', 1270, 0, '2022-10-15', 'DUE7723677', ' ', 'Approved', ''),
('200170119021', 2, 'BH-1', 1270, 0, '2022-10-15', 'DUE7384433', ' ', 'Approved', ''),
('200170119044', 2, 'BH-1', 1270, 0, '2022-10-15', 'DUE7650125', ' ', 'Approved', ''),
('200170119046', 2, 'BH-1', 1270, 0, '2022-10-15', 'DUE7561216', ' ', 'Approved', ''),
('200170119051', 2, 'BH-1', 1270, 0, '2022-10-15', 'DUE7760774', ' ', 'Approved', ''),
('200170119055', 2, 'BH-1', 1270, 0, '2022-10-15', 'DUE7818080', ' ', 'Approved', ''),
('200170119501', 4, 'BH-2', 1270, 0, '2022-10-15', 'DUE5722221', ' ', 'Approved', ''),
('200170119506', 4, 'BH-2', 1270, 0, '2022-10-15', 'DUE5747795', ' ', 'Approved', ''),
('200170119510', 4, 'BH-2', 1270, 0, '2022-10-15', 'DUE5803953', ' ', 'Approved', ''),
('200170119511', 4, 'BH-2', 1270, 0, '2022-10-15', 'DUE5815775', ' ', 'Approved', ''),
('200170124001', 2, 'BH-1', 1270, 0, '2022-10-15', 'DUE7754997', ' ', 'Approved', ''),
('200170124011', 2, 'BH-1', 1270, 0, '2022-10-15', 'DUE7800547', ' ', 'Approved', ''),
('200170124021', 2, 'BH-1', 1270, 0, '2022-10-15', 'DUE7773826', ' ', 'Approved', ''),
('200170124031', 2, 'BH-1', 1270, 0, '2022-10-15', 'DUE7743986', ' ', 'Approved', ''),
('200170124507', 4, 'BH-1', 1270, 0, '2022-10-15', 'DUE5874614', ' ', 'Approved', ''),
('200170124512', 4, 'BH-1', 1270, 0, '2022-10-15', 'DUE5342975', ' ', 'Approved', '0'),
('200170124518', 4, 'BH-1', 1270, 0, '2022-10-15', 'DUE5353966', ' ', 'Approved', ''),
('200217011905', 2, 'BH-1', 1270, 0, '2022-10-15', 'DUE7796936', ' ', 'Approved', '');

-- --------------------------------------------------------

--
-- Table structure for table `hostel_master`
--

CREATE TABLE `hostel_master` (
  `hostel_name` varchar(4) NOT NULL,
  `room_no` int(4) NOT NULL,
  `no_of_occupancy` int(1) NOT NULL
) ENGINE=InnoDB DEFAULT CHARSET=utf8mb4;

--
-- Dumping data for table `hostel_master`
--

INSERT INTO `hostel_master` (`hostel_name`, `room_no`, `no_of_occupancy`) VALUES
('GH', 101, 3),
('GH', 102, 3),
('GH', 103, 3),
('GH', 104, 3),
('GH', 105, 3),
('GH', 106, 3),
('GH', 107, 3),
('GH', 108, 3),
('GH', 109, 3),
('GH', 110, 3),
('GH', 111, 3),
('GH', 112, 3),
('GH', 113, 3),
('GH', 114, 3),
('GH', 115, 3),
('GH', 116, 3),
('GH', 117, 3),
('GH', 118, 3),
('GH', 119, 3),
('GH', 120, 3),
('GH', 201, 3),
('GH', 202, 3),
('GH', 203, 3),
('GH', 204, 3),
('GH', 205, 3),
('GH', 206, 3),
('GH', 207, 3),
('GH', 208, 3),
('GH', 209, 3),
('GH', 210, 3),
('GH', 211, 3),
('GH', 212, 3),
('GH', 213, 3),
('GH', 214, 3),
('GH', 215, 3),
('GH', 216, 3),
('GH', 217, 3),
('GH', 218, 3),
('GH', 219, 3),
('GH', 220, 3),
('GH', 301, 3),
('GH', 302, 3),
('GH', 303, 3),
('GH', 304, 3),
('GH', 305, 3),
('GH', 306, 3),
('GH', 307, 3),
('GH', 308, 3),
('GH', 309, 3),
('GH', 310, 3),
('GH', 311, 3),
('GH', 312, 3),
('GH', 313, 3),
('GH', 314, 3),
('GH', 315, 3),
('GH', 316, 3),
('GH', 317, 3),
('GH', 318, 3),
('GH', 319, 3),
('GH', 320, 3),
('BH-1', 1101, 3),
('BH-1', 1102, 3),
('BH-1', 1103, 3),
('BH-1', 1104, 3),
('BH-1', 1105, 3),
('BH-1', 1106, 3),
('BH-1', 1107, 3),
('BH-1', 1108, 3),
('BH-1', 1109, 3),
('BH-1', 1110, 3),
('BH-1', 1111, 3),
('BH-1', 1112, 3),
('BH-1', 1113, 3),
('BH-1', 1114, 3),
('BH-1', 1115, 3),
('BH-1', 1116, 3),
('BH-1', 1117, 3),
('BH-1', 1118, 3),
('BH-1', 1119, 3),
('BH-1', 1120, 3),
('BH-1', 1121, 3),
('BH-1', 1122, 3),
('BH-1', 1123, 3),
('BH-1', 1124, 3),
('BH-1', 1125, 3),
('BH-1', 1126, 3),
('BH-1', 1127, 3),
('BH-1', 1128, 3),
('BH-1', 1129, 3),
('BH-1', 1130, 3),
('BH-1', 1201, 3),
('BH-1', 1202, 3),
('BH-1', 1203, 3),
('BH-1', 1204, 3),
('BH-1', 1205, 3),
('BH-1', 1206, 3),
('BH-1', 1207, 3),
('BH-1', 1208, 3),
('BH-1', 1209, 3),
('BH-1', 1210, 3),
('BH-1', 1211, 3),
('BH-1', 1212, 3),
('BH-1', 1213, 3),
('BH-1', 1214, 3),
('BH-1', 1215, 3),
('BH-1', 1216, 3),
('BH-1', 1217, 3),
('BH-1', 1218, 3),
('BH-1', 1219, 3),
('BH-1', 1220, 3),
('BH-1', 1221, 3),
('BH-1', 1222, 3),
('BH-1', 1223, 3),
('BH-1', 1224, 3),
('BH-1', 1225, 3),
('BH-1', 1226, 3),
('BH-1', 1227, 3),
('BH-1', 1228, 3),
('BH-1', 1229, 3),
('BH-1', 1230, 3),
('BH-1', 1301, 3),
('BH-1', 1302, 3),
('BH-1', 1303, 3),
('BH-1', 1304, 3),
('BH-1', 1305, 3),
('BH-1', 1306, 3),
('BH-1', 1307, 3),
('BH-1', 1308, 3),
('BH-1', 1309, 3),
('BH-1', 1310, 3),
('BH-1', 1311, 3),
('BH-1', 1312, 3),
('BH-1', 1313, 3),
('BH-1', 1314, 3),
('BH-1', 1315, 3),
('BH-1', 1316, 3),
('BH-1', 1317, 3),
('BH-1', 1318, 3),
('BH-1', 1319, 3),
('BH-1', 1320, 3),
('BH-1', 1321, 3),
('BH-1', 1322, 3),
('BH-1', 1323, 3),
('BH-1', 1324, 3),
('BH-1', 1325, 3),
('BH-1', 1326, 3),
('BH-1', 1327, 3),
('BH-1', 1328, 3),
('BH-1', 1329, 3),
('BH-1', 1330, 3),
('BH-2', 2101, 3),
('BH-2', 2102, 3),
('BH-2', 2103, 3),
('BH-2', 2104, 3),
('BH-2', 2105, 3),
('BH-2', 2106, 3),
('BH-2', 2107, 3),
('BH-2', 2108, 3),
('BH-2', 2109, 3),
('BH-2', 2110, 3),
('BH-2', 2111, 3),
('BH-2', 2112, 3),
('BH-2', 2113, 3),
('BH-2', 2114, 3),
('BH-2', 2115, 3),
('BH-2', 2116, 3),
('BH-2', 2117, 3),
('BH-2', 2118, 3),
('BH-2', 2119, 3),
('BH-2', 2120, 3),
('BH-2', 2121, 3),
('BH-2', 2122, 3),
('BH-2', 2123, 3),
('BH-2', 2124, 3),
('BH-2', 2125, 3),
('BH-2', 2126, 3),
('BH-2', 2127, 3),
('BH-2', 2128, 3),
('BH-2', 2129, 3),
('BH-2', 2130, 3),
('BH-2', 2201, 3),
('BH-2', 2202, 3),
('BH-2', 2203, 3),
('BH-2', 2204, 3),
('BH-2', 2205, 3),
('BH-2', 2206, 3),
('BH-2', 2207, 3),
('BH-2', 2208, 3),
('BH-2', 2209, 3),
('BH-2', 2210, 3),
('BH-2', 2211, 3),
('BH-2', 2212, 3),
('BH-2', 2213, 3),
('BH-2', 2214, 3),
('BH-2', 2215, 3),
('BH-2', 2216, 3),
('BH-2', 2217, 3),
('BH-2', 2218, 3),
('BH-2', 2219, 3),
('BH-2', 2220, 3),
('BH-2', 2221, 3),
('BH-2', 2222, 3),
('BH-2', 2223, 3),
('BH-2', 2224, 3),
('BH-2', 2225, 3),
('BH-2', 2226, 3),
('BH-2', 2227, 3),
('BH-2', 2228, 3),
('BH-2', 2229, 3),
('BH-2', 2230, 3),
('BH-2', 2301, 3),
('BH-2', 2302, 3),
('BH-2', 2303, 3),
('BH-2', 2304, 3),
('BH-2', 2305, 3),
('BH-2', 2306, 3),
('BH-2', 2307, 3),
('BH-2', 2308, 3),
('BH-2', 2309, 3),
('BH-2', 2310, 3),
('BH-2', 2311, 3),
('BH-2', 2312, 3),
('BH-2', 2313, 3),
('BH-2', 2314, 3),
('BH-2', 2315, 3),
('BH-2', 2316, 3),
('BH-2', 2317, 3),
('BH-2', 2318, 3),
('BH-2', 2319, 3),
('BH-2', 2320, 3),
('BH-2', 2321, 3),
('BH-2', 2322, 3),
('BH-2', 2323, 3),
('BH-2', 2324, 3),
('BH-2', 2325, 3),
('BH-2', 2326, 3),
('BH-2', 2327, 3),
('BH-2', 2328, 3),
('BH-2', 2329, 3),
('BH-2', 2330, 3);

-- --------------------------------------------------------

--
-- Table structure for table `hostel_student_details`
--

CREATE TABLE `hostel_student_details` (
  `enrollment_no` varchar(12) NOT NULL,
  `hostel_name` varchar(4) NOT NULL,
  `room_no` int(4) NOT NULL,
  `occupancy_date` date DEFAULT NULL,
  `release_date` date DEFAULT NULL
) ENGINE=InnoDB DEFAULT CHARSET=utf8mb4;

--
-- Dumping data for table `hostel_student_details`
--

INSERT INTO `hostel_student_details` (`enrollment_no`, `hostel_name`, `room_no`, `occupancy_date`, `release_date`) VALUES
('170170105015', 'BH-2', 2330, '2020-03-10', '0000-00-00'),
('170170105019', 'BH-2', 2124, '2020-03-10', '0000-00-00'),
('170170105028', 'BH-2', 2307, '2020-03-10', '0000-00-00'),
('170170105035', 'BH-2', 2105, '2020-03-10', '0000-00-00'),
('170170105043', 'BH-1', 1314, '2020-03-10', '0000-00-00'),
('170170106015', 'BH-1', 1308, '2020-03-10', '0000-00-00'),
('170170106017', 'BH-2', 2216, '2020-03-10', '0000-00-00'),
('170170106033', 'BH-2', 2312, '2020-03-10', '0000-00-00'),
('170170107004', 'BH-2', 2311, '2020-03-10', '0000-00-00'),
('170170107011', 'BH-2', 2107, '2020-03-10', '0000-00-00'),
('170170107084', 'BH-2', 2231, '2020-03-10', '0000-00-00'),
('170170107121', 'BH-2', 2314, '2020-03-10', '0000-00-00'),
('170170109002', 'BH-1', 1321, '2020-03-10', '0000-00-00'),
('170170109019', 'BH-2', 2214, '2020-03-10', '0000-00-00'),
('170170109023', 'BH-1', 1321, '2020-03-10', '0000-00-00'),
('170170109024', 'BH-2', 2113, '2020-03-10', '0000-00-00'),
('170170109025', 'BH-1', 1206, '2020-03-10', '0000-00-00'),
('170170109033', 'BH-2', 2123, '2020-03-10', '0000-00-00'),
('170170109034', 'BH-2', 2103, '2020-03-10', '0000-00-00'),
('170170109066', 'BH-2', 2329, '2020-03-10', '0000-00-00'),
('170170109071', 'BH-2', 2319, '2020-03-10', '0000-00-00'),
('170170109083', 'BH-2', 2319, '2020-03-10', '0000-00-00'),
('170170109089', 'BH-1', 1320, '2020-03-10', '0000-00-00'),
('170170109105', 'BH-2', 2320, '2020-03-10', '0000-00-00'),
('170170109114', 'BH-2', 2329, '2020-03-10', '0000-00-00'),
('170170109122', 'BH-2', 2330, '2020-03-10', '0000-00-00'),
('170170111080', 'BH-2', 2317, '2020-03-10', '0000-00-00'),
('170170116001', 'BH-2', 2105, '2020-03-10', '0000-00-00'),
('170170116053', 'BH-2', 2210, '2020-03-10', '0000-00-00'),
('170170117015', 'BH-2', 2217, '2020-03-10', '0000-00-00'),
('170170117023', 'BH-2', 2324, '2020-03-10', '0000-00-00'),
('170170117024', 'BH-2', 2213, '2020-03-10', '0000-00-00'),
('170170119012', 'BH-2', 2105, '2020-03-10', '0000-00-00'),
('170170119014', 'BH-2', 2208, '2020-03-10', '0000-00-00'),
('170170119015', 'BH-2', 2310, '2020-03-10', '0000-00-00'),
('170170119027', 'BH-2', 2310, '2020-03-10', '0000-00-00'),
('170170119028', 'BH-1', 1324, '2020-03-10', '0000-00-00'),
('170170119037', 'BH-2', 2329, '2020-03-10', '0000-00-00'),
('170170119039', 'BH-2', 2210, '2020-03-10', '0000-00-00'),
('170170119041', 'BH-1', 1205, '2020-03-10', '0000-00-00'),
('170170119042', 'BH-2', 2310, '2020-03-10', '0000-00-00'),
('170170124002', 'BH-2', 2211, '2020-03-10', '0000-00-00'),
('170170124019', 'BH-2', 2114, '2020-03-10', '0000-00-00'),
('170170124029', 'BH-2', 2106, '2020-03-10', '0000-00-00'),
('170173111006', 'BH-1', 1114, '2020-03-10', '0000-00-00'),
('180170105002', 'BH-2', 2232, '2020-03-10', '0000-00-00'),
('180170105003', 'BH-1', 1104, '2020-03-10', '0000-00-00'),
('180170105009', 'BH-2', 2102, '2020-03-10', '0000-00-00'),
('180170105010', 'BH-2', 2103, '2020-03-10', '0000-00-00'),
('180170105011', 'BH-2', 2111, '2020-03-10', '0000-00-00'),
('180170105013', 'BH-2', 2107, '2020-03-10', '0000-00-00'),
('180170105014', 'BH-2', 2103, '2020-03-10', '0000-00-00'),
('180170105018', 'BH-1', 1315, '2020-03-10', '0000-00-00'),
('180170105040', 'BH-2', 2104, '2020-03-10', '0000-00-00'),
('180170105041', 'BH-2', 2102, '2020-03-10', '0000-00-00'),
('180170105049', 'BH-2', 2232, '2020-03-10', '0000-00-00'),
('180170105060', 'BH-1', 1109, '2020-03-10', '0000-00-00'),
('180170106001', 'BH-2', 2107, '2020-03-10', '0000-00-00'),
('180170106013', 'BH-2', 2108, '2020-03-10', '0000-00-00'),
('180170106017', 'BH-1', 1315, '2020-03-10', '0000-00-00'),
('180170106020', 'BH-2', 2110, '2020-03-10', '0000-00-00'),
('180170106024', 'BH-2', 2110, '2020-03-10', '0000-00-00'),
('180170106030', 'BH-2', 2110, '2020-03-10', '0000-00-00'),
('180170106038', 'BH-2', 2108, '2020-03-10', '0000-00-00'),
('180170106060', 'BH-2', 2108, '2020-03-10', '0000-00-00'),
('180170106061', 'BH-1', 1201, '2020-03-10', '0000-00-00'),
('180170107019', 'BH-2', 2102, '2020-03-10', '0000-00-00'),
('180170107025', 'BH-2', 2117, '2020-03-10', '0000-00-00'),
('180170107027', 'BH-2', 2117, '2020-03-10', '0000-00-00'),
('180170107030', 'BH-2', 2119, '2020-03-10', '0000-00-00'),
('180170107036', 'BH-1', 1201, '2020-03-10', '0000-00-00'),
('180170107037', 'BH-2', 2112, '2020-03-10', '0000-00-00'),
('180170107043', 'BH-1', 1109, '2020-03-10', '0000-00-00'),
('180170107045', 'BH-2', 2118, '2020-03-10', '0000-00-00'),
('180170107050', 'BH-2', 2118, '2020-03-10', '0000-00-00'),
('180170107077', 'BH-1', 1313, '2020-03-10', '0000-00-00'),
('180170107079', 'BH-2', 2111, '2020-03-10', '0000-00-00'),
('180170107092', 'BH-2', 2304, '2020-03-10', '0000-00-00'),
('180170107102', 'BH-2', 2116, '2020-03-10', '0000-00-00'),
('180170107103', 'BH-2', 2115, '2020-03-10', '0000-00-00'),
('180170107108', 'BH-2', 2115, '2020-03-10', '0000-00-00'),
('180170107111', 'BH-1', 1313, '2020-03-10', '0000-00-00'),
('180170107119', 'BH-2', 2112, '2020-03-10', '0000-00-00'),
('180170109008', 'BH-2', 2109, '2020-03-10', '0000-00-00'),
('180170109009', 'BH-2', 2202, '2020-03-10', '0000-00-00'),
('180170109013', 'BH-2', 2204, '2020-03-10', '0000-00-00'),
('180170109018', 'BH-2', 2205, '2020-03-10', '0000-00-00'),
('180170109021', 'BH-2', 2128, '2020-03-10', '0000-00-00'),
('180170109033', 'BH-2', 2205, '2020-03-10', '0000-00-00'),
('180170109040', 'BH-2', 2130, '2020-03-10', '0000-00-00'),
('180170109041', 'BH-2', 2203, '2020-03-10', '0000-00-00'),
('180170109046', 'BH-2', 2128, '2020-03-10', '0000-00-00'),
('180170109050', 'BH-2', 2203, '2020-03-10', '0000-00-00'),
('180170109053', 'BH-2', 2127, '2020-03-10', '0000-00-00'),
('180170109061', 'BH-2', 2127, '2020-03-10', '0000-00-00'),
('180170109072', 'BH-2', 2127, '2020-03-10', '0000-00-00'),
('180170109087', 'BH-2', 2127, '2020-03-10', '0000-00-00'),
('180170109109', 'BH-2', 2130, '2020-03-10', '0000-00-00'),
('180170109114', 'BH-1', 1308, '2020-03-10', '0000-00-00'),
('180170111014', 'BH-2', 2122, '2020-03-10', '0000-00-00'),
('180170111018', 'BH-1', 1315, '2020-03-10', '0000-00-00'),
('180170111034', 'BH-2', 2126, '2020-03-10', '0000-00-00'),
('180170111044', 'BH-2', 2121, '2020-03-10', '0000-00-00'),
('180170111046', 'BH-2', 2122, '2020-03-10', '0000-00-00'),
('180170111055', 'BH-2', 2122, '2020-03-10', '0000-00-00'),
('180170111075', 'BH-2', 2122, '2020-03-10', '0000-00-00'),
('180170111089', 'BH-2', 2119, '2020-03-10', '0000-00-00'),
('180170111091', 'BH-2', 2120, '2020-03-10', '0000-00-00'),
('180170111100', 'BH-2', 2121, '2020-03-10', '0000-00-00'),
('180170111112', 'BH-2', 2119, '2020-03-10', '0000-00-00'),
('180170111114', 'BH-2', 2120, '2020-03-10', '0000-00-00'),
('180170111116', 'BH-1', 1318, '2020-03-10', '0000-00-00'),
('180170111120', 'BH-2', 2126, '2020-03-10', '0000-00-00'),
('180170111122', 'BH-2', 2120, '2020-03-10', '0000-00-00'),
('180170116001', 'BH-2', 2208, '2020-03-10', '0000-00-00'),
('180170116011', 'BH-2', 2212, '2020-03-10', '0000-00-00'),
('180170116018', 'BH-2', 2222, '2020-03-10', '0000-00-00'),
('180170116019', 'BH-1', 1316, '2020-03-10', '0000-00-00'),
('180170116038', 'BH-2', 2209, '2020-03-10', '0000-00-00'),
('180170116041', 'BH-2', 2210, '2020-03-10', '0000-00-00'),
('180170117017', 'BH-1', 1325, '2020-03-10', '0000-00-00'),
('180170117026', 'BH-2', 2206, '2020-03-10', '0000-00-00'),
('180170117031', 'BH-2', 2206, '2020-03-10', '0000-00-00'),
('180170117041', 'BH-2', 2206, '2020-03-10', '0000-00-00'),
('180170117054', 'BH-2', 2207, '2020-03-10', '0000-00-00'),
('180170117061', 'BH-1', 1307, '2020-03-10', '0000-00-00'),
('180170119008', 'BH-2', 2332, '2020-03-10', '0000-00-00'),
('180170119011', 'BH-2', 2307, '2020-03-10', '0000-00-00'),
('180170119012', 'BH-1', 1109, '2020-03-10', '0000-00-00'),
('180170119023', 'BH-1', 1101, '2020-03-10', '0000-00-00'),
('180170119028', 'BH-1', 1101, '2020-03-10', '0000-00-00'),
('180170119040', 'BH-1', 1316, '2020-03-10', '0000-00-00'),
('180170119051', 'BH-2', 2330, '2020-03-10', '0000-00-00'),
('180170119056', 'BH-1', 1101, '2020-03-10', '0000-00-00'),
('180170119062', 'BH-2', 2232, '2020-03-10', '0000-00-00'),
('180170124012', 'BH-1', 1101, '2020-03-10', '0000-00-00'),
('180173105004', 'BH-1', 1223, '2020-03-10', '0000-00-00'),
('180173105009', 'BH-1', 1223, '2020-03-10', '0000-00-00'),
('180173105012', 'BH-1', 1223, '2020-03-10', '0000-00-00'),
('180173107006', 'BH-2', 2103, '2020-03-10', '0000-00-00'),
('180173107012', 'BH-1', 1105, '2020-03-10', '0000-00-00'),
('180173107020', 'BH-1', 1104, '2020-03-10', '0000-00-00'),
('180173109003', 'BH-1', 1112, '2020-03-10', '0000-00-00'),
('180173109010', 'BH-1', 1320, '2020-03-10', '0000-00-00'),
('180173109013', 'BH-1', 1320, '2020-03-10', '0000-00-00'),
('180173109027', 'BH-1', 1102, '2020-03-10', '0000-00-00'),
('180173109028', 'BH-1', 1112, '2020-03-10', '0000-00-00'),
('180173109031', 'BH-1', 1320, '2020-03-10', '0000-00-00'),
('180173111009', 'BH-1', 1106, '2020-03-10', '0000-00-00'),
('180173111017', 'BH-1', 1106, '2020-03-10', '0000-00-00'),
('180173111026', 'BH-1', 1106, '2020-03-10', '0000-00-00'),
('180173117008', 'BH-1', 1204, '2020-03-10', '0000-00-00'),
('180173117013', 'BH-1', 1208, '2020-03-10', '0000-00-00'),
('180173117014', 'BH-1', 1226, '2020-03-10', '0000-00-00'),
('180173117015', 'BH-1', 1332, '2020-03-10', '0000-00-00'),
('180173119009', 'BH-1', 1110, '2020-03-10', '0000-00-00'),
('180173124006', 'BH-2', 2111, '2020-03-10', '0000-00-00'),
('180173124007', 'BH-1', 1204, '2020-03-10', '0000-00-00'),
('180173124009', 'BH-1', 1116, '2020-03-10', '0000-00-00'),
('180173124012', 'BH-1', 1201, '2020-03-10', '0000-00-00'),
('180173124014', 'BH-1', 1319, '2020-03-10', '0000-00-00'),
('182170107016', 'BH-2', 2115, '2020-03-10', '0000-00-00'),
('19010109145', 'BH-1', 1212, '2020-03-10', '0000-00-00'),
('190170105009', 'BH-1', 1223, '2020-03-10', '0000-00-00'),
('190170105017', 'BH-1', 1217, '2020-03-10', '0000-00-00'),
('190170105018', 'BH-1', 1217, '2020-03-10', '0000-00-00'),
('190170105022', 'BH-1', 1231, '2020-03-10', '0000-00-00'),
('190170105028', 'BH-1', 1218, '2020-03-10', '0000-00-00'),
('190170105039', 'BH-1', 1216, '2020-03-10', '0000-00-00'),
('190170105040', 'BH-1', 1218, '2020-03-10', '0000-00-00'),
('190170105045', 'BH-1', 1217, '2020-03-10', '0000-00-00'),
('190170106003', 'BH-1', 1230, '2020-03-10', '0000-00-00'),
('190170106005', 'BH-1', 1229, '2020-03-10', '0000-00-00'),
('190170106010', 'BH-1', 1331, '2020-03-10', '0000-00-00'),
('190170106011', 'BH-1', 1313, '2020-03-10', '0000-00-00'),
('190170106025', 'BH-1', 1225, '2020-03-10', '0000-00-00'),
('190170106036', 'BH-1', 1230, '2020-03-10', '0000-00-00'),
('190170106042', 'BH-1', 1227, '2020-03-10', '0000-00-00'),
('190170106043', 'BH-1', 1229, '2020-03-10', '0000-00-00'),
('190170106059', 'BH-1', 1225, '2020-03-10', '0000-00-00'),
('190170106063', 'BH-1', 1227, '2020-03-10', '0000-00-00'),
('190170106082', 'BH-1', 1123, '2020-03-10', '0000-00-00'),
('190170107002', 'BH-1', 1119, '2020-03-10', '0000-00-00'),
('190170107021', 'BH-1', 1117, '2020-03-10', '0000-00-00'),
('190170107047', 'BH-1', 1119, '2020-03-10', '0000-00-00'),
('190170107049', 'BH-1', 1119, '2020-03-10', '0000-00-00'),
('190170107050', 'BH-1', 1122, '2020-03-10', '0000-00-00'),
('190170107055', 'BH-1', 1122, '2020-03-10', '0000-00-00'),
('190170107072', 'BH-1', 1118, '2020-03-10', '0000-00-00'),
('190170107102', 'BH-1', 1122, '2020-03-10', '0000-00-00'),
('190170107105', 'BH-1', 1120, '2020-03-10', '0000-00-00'),
('190170107109', 'BH-1', 1113, '2020-03-10', '0000-00-00'),
('190170107111', 'BH-1', 1118, '2020-03-10', '0000-00-00'),
('190170107130', 'BH-1', 1117, '2020-03-10', '0000-00-00'),
('190170107142', 'BH-1', 1307, '2020-03-10', '0000-00-00'),
('190170107151', 'BH-1', 1120, '2020-03-10', '0000-00-00'),
('190170107157', 'BH-1', 1107, '2020-03-10', '0000-00-00'),
('190170109004', 'BH-1', 1212, '2020-03-10', '0000-00-00'),
('190170109008', 'BH-1', 1214, '2020-03-10', '0000-00-00'),
('190170109010', 'BH-1', 1211, '2020-03-10', '0000-00-00'),
('190170109012', 'BH-1', 1307, '2020-03-10', '0000-00-00'),
('190170109016', 'BH-1', 1309, '2020-03-10', '0000-00-00'),
('190170109019', 'BH-1', 1213, '2020-03-10', '0000-00-00'),
('190170109025', 'BH-1', 1215, '2020-03-10', '0000-00-00'),
('190170109041', 'BH-1', 1210, '2020-03-10', '0000-00-00'),
('190170109042', 'BH-1', 1309, '2020-03-10', '0000-00-00'),
('190170109044', 'BH-1', 1210, '2020-03-10', '0000-00-00'),
('190170109048', 'BH-1', 1309, '2020-03-10', '0000-00-00'),
('190170109049', 'BH-1', 1312, '2020-03-10', '0000-00-00'),
('190170109050', 'BH-1', 1213, '2020-03-10', '0000-00-00'),
('190170109051', 'BH-1', 1211, '2020-03-10', '0000-00-00'),
('190170109068', 'BH-1', 1319, '2020-03-10', '0000-00-00'),
('190170109075', 'BH-1', 1324, '2020-03-10', '0000-00-00'),
('190170109080', 'BH-1', 1216, '2020-03-10', '0000-00-00'),
('190170109089', 'BH-1', 1214, '2020-03-10', '0000-00-00'),
('190170109098', 'BH-1', 1219, '2020-03-10', '0000-00-00'),
('190170109116', 'BH-1', 1211, '2020-03-10', '0000-00-00'),
('190170109124', 'BH-1', 1214, '2020-03-10', '0000-00-00'),
('190170109147', 'BH-1', 1227, '2020-03-10', '0000-00-00'),
('190170109149', 'BH-1', 1213, '2020-03-10', '0000-00-00'),
('190170109151', 'BH-1', 1115, '2020-03-10', '0000-00-00'),
('190170109152', 'BH-1', 1123, '2020-03-10', '0000-00-00'),
('190170111002', 'BH-1', 1202, '2020-03-10', '0000-00-00'),
('190170111024', 'BH-1', 1209, '2020-03-10', '0000-00-00'),
('190170111026', 'BH-1', 1202, '2020-03-10', '0000-00-00'),
('190170111028', 'BH-1', 1209, '2020-03-10', '0000-00-00'),
('190170111034', 'BH-1', 1209, '2020-03-10', '0000-00-00'),
('190170111046', 'BH-1', 1208, '2020-03-10', '0000-00-00'),
('190170111052', 'BH-1', 1207, '2020-03-10', '0000-00-00'),
('190170111069', 'BH-1', 1204, '2020-03-10', '0000-00-00'),
('190170111091', 'BH-1', 1129, '2020-03-10', '0000-00-00'),
('190170111097', 'BH-1', 1130, '2020-03-10', '0000-00-00'),
('190170111105', 'BH-1', 1129, '2020-03-10', '0000-00-00'),
('190170111130', 'BH-1', 1202, '2020-03-10', '0000-00-00'),
('190170111136', 'BH-1', 1318, '2020-03-10', '0000-00-00'),
('190170116001', 'BH-1', 1124, '2020-03-10', '0000-00-00'),
('190170116006', 'BH-1', 1127, '2020-03-10', '0000-00-00'),
('190170116013', 'BH-1', 1124, '2020-03-10', '0000-00-00'),
('190170116016', 'BH-1', 1126, '2020-03-10', '0000-00-00'),
('190170116029', 'BH-1', 1121, '2020-03-10', '0000-00-00'),
('190170116047', 'BH-1', 1124, '2020-03-10', '0000-00-00'),
('190170116049', 'BH-1', 1125, '2020-03-10', '0000-00-00'),
('190170116066', 'BH-1', 1125, '2020-03-10', '0000-00-00'),
('190170116075', 'BH-1', 1126, '2020-03-10', '0000-00-00'),
('190170117004', 'BH-1', 1231, '2020-03-10', '0000-00-00'),
('190170117013', 'BH-1', 1311, '2020-03-10', '0000-00-00'),
('190170117025', 'BH-1', 1306, '2020-03-10', '0000-00-00'),
('190170117028', 'BH-1', 1306, '2020-03-10', '0000-00-00'),
('190170117044', 'BH-1', 1309, '2020-03-10', '0000-00-00'),
('190170119005', 'BH-1', 1317, '2020-03-10', '0000-00-00'),
('190170119010', 'BH-1', 1304, '2020-03-10', '0000-00-00'),
('190170119013', 'BH-1', 1305, '2020-03-10', '0000-00-00'),
('190170119018', 'BH-1', 1317, '2020-03-10', '0000-00-00'),
('190170119060', 'BH-1', 1301, '2020-03-10', '0000-00-00'),
('190170119069', 'BH-1', 1305, '2020-03-10', '0000-00-00'),
('190170119072', 'BH-1', 1301, '2020-03-10', '0000-00-00'),
('190170119073', 'BH-1', 1302, '2020-03-10', '0000-00-00'),
('190170119074', 'BH-1', 1304, '2020-03-10', '0000-00-00'),
('190170119076', 'BH-1', 1302, '2020-03-10', '0000-00-00'),
('190170124006', 'BH-1', 1224, '2020-03-10', '0000-00-00'),
('190170124012', 'BH-1', 1224, '2020-03-10', '0000-00-00'),
('190170124030', 'BH-1', 1221, '2020-03-10', '0000-00-00'),
('190170124032', 'BH-1', 1221, '2020-03-10', '0000-00-00'),
('190170124038', 'BH-1', 1221, '2020-03-10', '0000-00-00'),
('190170726002', 'BH-2', 2103, '2020-03-10', '0000-00-00'),
('190170726003', 'BH-1', 1329, '2020-03-10', '0000-00-00'),
('190170726011', 'BH-2', 2109, '2020-03-10', '0000-00-00'),
('190170726017', 'BH-2', 2103, '2020-03-10', '0000-00-00'),
('190170730014', 'BH-2', 2106, '2020-03-10', '0000-00-00'),
('190170730018', 'BH-2', 2016, '2020-03-10', '0000-00-00'),
('190173105003', 'BH-2', 2201, '2020-03-10', '0000-00-00'),
('190173105005', 'BH-1', 1311, '2020-03-10', '0000-00-00'),
('190173105011', 'BH-2', 2207, '2020-03-10', '0000-00-00'),
('190173106001', 'BH-2', 2216, '2020-03-10', '0000-00-00'),
('190173106011', 'BH-2', 2215, '2020-03-10', '0000-00-00'),
('190173107009', 'BH-2', 2109, '2020-03-10', '0000-00-00'),
('190173109005', 'BH-2', 2309, '2020-03-10', '0000-00-00'),
('190173109006', 'BH-2', 2309, '2020-03-10', '0000-00-00'),
('190173109009', 'BH-2', 2101, '2020-03-10', '0000-00-00'),
('190173109010', 'BH-2', 2101, '2020-03-10', '0000-00-00'),
('190173109014', 'BH-2', 2101, '2020-03-10', '0000-00-00'),
('190173109032', 'BH-2', 2309, '2020-03-10', '0000-00-00'),
('190173111008', 'BH-2', 2222, '2020-03-10', '0000-00-00'),
('190173111010', 'BH-2', 2217, '2020-03-10', '0000-00-00'),
('190173111011', 'BH-2', 2217, '2020-03-10', '0000-00-00'),
('190173116012', 'BH-2', 2316, '2020-03-10', '0000-00-00'),
('190173116017', 'BH-1', 1317, '2020-03-10', '0000-00-00'),
('190173116018', 'BH-2', 2332, '2020-03-10', '0000-00-00'),
('190173116023', 'BH-2', 2326, '2020-03-10', '0000-00-00'),
('190173117001', 'BH-2', 2220, '2020-03-10', '0000-00-00'),
('190173117005', 'BH-2', 2220, '2020-03-10', '0000-00-00'),
('190173117012', 'BH-2', 2220, '2020-03-10', '0000-00-00'),
('190173119001', 'BH-2', 2117, '2020-03-10', '0000-00-00'),
('190173119002', 'BH-2', 2125, '2020-03-10', '0000-00-00'),
('190173119012', 'BH-2', 2125, '2020-03-10', '0000-00-00'),
('190173124005', 'BH-2', 2126, '2020-03-10', '0000-00-00'),
('190173124007', 'BH-2', 2130, '2020-03-10', '0000-00-00'),
('19070117003', 'BH-1', 1306, '2020-03-10', '0000-00-00'),
('200170105005', 'BH-2', 2113, '2020-03-10', '0000-00-00'),
('200170105007', 'BH-2', 2202, '2020-03-10', '0000-00-00'),
('200170105010', 'BH-2', 2202, '2020-03-10', '0000-00-00'),
('200170105011', 'BH-2', 2105, '2020-03-10', '0000-00-00'),
('200170105025', 'BH-2', 2106, '2020-03-10', '0000-00-00'),
('200170105030', 'BH-2', 2110, '2020-03-10', '0000-00-00'),
('200170105033', 'BH-2', 2129, '2020-03-10', '0000-00-00'),
('200170105055', 'BH-2', 2106, '2020-03-10', '0000-00-00'),
('200170105056', 'BH-2', 2125, '2020-03-10', '0000-00-00'),
('200170105508', 'BH-2', 2313, '2020-03-10', '0000-00-00'),
('200170105513', 'BH-2', 2313, '2020-03-10', '0000-00-00'),
('200170106005', 'BH-2', 2215, '2020-03-10', '0000-00-00'),
('200170106006', 'BH-2', 2104, '2020-03-10', '0000-00-00'),
('200170106008', 'BH-2', 2215, '2020-03-10', '0000-00-00'),
('200170106011', 'BH-2', 2212, '2020-03-10', '0000-00-00'),
('200170106016', 'BH-2', 2213, '2020-03-10', '0000-00-00'),
('200170106018', 'BH-2', 2232, '2020-03-10', '0000-00-00'),
('200170106054', 'BH-2', 2214, '2020-03-10', '0000-00-00'),
('200170106066', 'BH-2', 2213, '2020-03-10', '0000-00-00'),
('200170106074', 'BH-2', 2307, '2020-03-10', '0000-00-00'),
('200170106507', 'BH-2', 2315, '2020-03-10', '0000-00-00'),
('200170106512', 'BH-2', 2315, '2020-03-10', '0000-00-00'),
('200170107011', 'BH-2', 2226, '2020-03-10', '0000-00-00'),
('200170107015', 'BH-2', 2225, '2020-03-10', '0000-00-00'),
('200170107017', 'BH-2', 2219, '2020-03-10', '0000-00-00'),
('200170107021', 'BH-2', 2227, '2020-03-10', '0000-00-00'),
('200170107022', 'BH-1', 1114, '2020-03-10', '0000-00-00'),
('200170107030', 'BH-2', 2218, '2020-03-10', '0000-00-00'),
('200170107031', 'BH-2', 2225, '2020-03-10', '0000-00-00'),
('200170107035', 'BH-2', 2225, '2020-03-10', '0000-00-00'),
('200170107040', 'BH-2', 2224, '2020-03-10', '0000-00-00'),
('200170107044', 'BH-2', 2226, '2020-03-10', '0000-00-00'),
('200170107045', 'BH-2', 2226, '2020-03-10', '0000-00-00'),
('200170107054', 'BH-2', 2222, '2020-03-10', '0000-00-00'),
('200170107056', 'BH-2', 2227, '2020-03-10', '0000-00-00'),
('200170107061', 'BH-2', 2220, '2020-03-10', '0000-00-00'),
('200170107063', 'BH-2', 2221, '2020-03-10', '0000-00-00'),
('200170107064', 'BH-2', 2223, '2020-03-10', '0000-00-00'),
('200170107072', 'BH-2', 2232, '2020-03-10', '0000-00-00'),
('200170107073', 'BH-2', 2219, '2020-03-10', '0000-00-00'),
('200170107080', 'BH-2', 2224, '2020-03-10', '0000-00-00'),
('200170107088', 'BH-2', 2219, '2020-03-10', '0000-00-00'),
('200170107090', 'BH-2', 2221, '2020-03-10', '0000-00-00'),
('200170107093', 'BH-2', 2202, '2020-03-10', '0000-00-00'),
('200170107094', 'BH-2', 2223, '2020-03-10', '0000-00-00'),
('200170107097', 'BH-1', 1114, '2020-03-10', '0000-00-00'),
('200170107131', 'BH-2', 2305, '2020-03-10', '0000-00-00'),
('200170107138', 'BH-2', 2307, '2020-03-10', '0000-00-00'),
('200170107139', 'BH-2', 2227, '2020-03-10', '0000-00-00'),
('200170109001', 'BH-2', 2301, '2020-03-10', '0000-00-00'),
('200170109011', 'BH-2', 2302, '2020-03-10', '0000-00-00'),
('200170109012', 'BH-2', 2303, '2020-03-10', '0000-00-00'),
('200170109013', 'BH-2', 2304, '2020-03-10', '0000-00-00'),
('200170109016', 'BH-2', 2230, '2020-03-10', '0000-00-00'),
('200170109020', 'BH-2', 2303, '2020-03-10', '0000-00-00'),
('200170109021', 'BH-2', 2230, '2020-03-10', '0000-00-00'),
('200170109022', 'BH-2', 2306, '2020-03-10', '0000-00-00'),
('200170109032', 'BH-2', 2229, '2020-03-10', '0000-00-00'),
('200170109041', 'BH-2', 2306, '2020-03-10', '0000-00-00'),
('200170109047', 'BH-2', 2303, '2020-03-10', '0000-00-00'),
('200170109050', 'BH-2', 2228, '2020-03-10', '0000-00-00'),
('200170109051', 'BH-2', 2301, '2020-03-10', '0000-00-00'),
('200170109052', 'BH-2', 2305, '2020-03-10', '0000-00-00'),
('200170109065', 'BH-2', 2302, '2020-03-10', '0000-00-00'),
('200170109069', 'BH-2', 2216, '2020-03-10', '0000-00-00'),
('200170109097', 'BH-2', 2311, '2020-03-10', '0000-00-00'),
('200170109505', 'BH-1', 1318, '2020-03-10', '0000-00-00'),
('200170109509', 'BH-1', 1324, '2020-03-10', '0000-00-00'),
('200170109517', 'BH-1', 1316, '2020-03-10', '0000-00-00'),
('200170109519', 'BH-1', 1321, '2020-03-10', '0000-00-00'),
('200170111015', 'BH-1', 1219, '2020-03-10', '0000-00-00'),
('200170111022', 'BH-1', 1130, '2020-03-10', '0000-00-00'),
('200170111025', 'BH-1', 1118, '2020-03-10', '0000-00-00'),
('200170111026', 'BH-1', 1125, '2020-03-10', '0000-00-00'),
('200170111030', 'BH-2', 2231, '2020-03-10', '0000-00-00'),
('200170111034', 'BH-1', 1121, '2020-03-10', '0000-00-00'),
('200170111035', 'BH-1', 1120, '2020-03-10', '0000-00-00'),
('200170111068', 'BH-1', 1126, '2020-03-10', '0000-00-00'),
('200170111071', 'BH-1', 1218, '2020-03-10', '0000-00-00'),
('200170111074', 'BH-1', 1128, '2020-03-10', '0000-00-00'),
('200170111075', 'BH-1', 1205, '2020-03-10', '0000-00-00'),
('200170111097', 'BH-1', 1129, '2020-03-10', '0000-00-00'),
('200170111100', 'BH-1', 1121, '2020-03-10', '0000-00-00'),
('200170111107', 'BH-1', 1208, '2020-03-10', '0000-00-00'),
('200170111114', 'BH-1', 1206, '2020-03-10', '0000-00-00'),
('200170111115', 'BH-1', 1130, '2020-03-10', '0000-00-00'),
('200170111119', 'BH-1', 1207, '2020-03-10', '0000-00-00'),
('200170111502', 'BH-1', 1328, '2020-03-10', '0000-00-00'),
('200170111516', 'BH-1', 1328, '2020-03-10', '0000-00-00'),
('200170111518', 'BH-1', 1327, '2020-03-10', '0000-00-00'),
('200170111525', 'BH-1', 1205, '2020-03-10', '0000-00-00'),
('200170116007', 'BH-1', 1117, '2020-03-10', '0000-00-00'),
('200170116018', 'BH-1', 1107, '2020-03-10', '0000-00-00'),
('200170116019', 'BH-1', 1115, '2020-03-10', '0000-00-00'),
('200170116021', 'BH-1', 1116, '2020-03-10', '0000-00-00'),
('200170116037', 'BH-1', 1116, '2020-03-10', '0000-00-00'),
('200170116042', 'BH-1', 1113, '2020-03-10', '0000-00-00'),
('200170116059', 'BH-1', 1107, '2020-03-10', '0000-00-00'),
('200170116060', 'BH-1', 1108, '2020-03-10', '0000-00-00'),
('200170116063', 'BH-1', 1114, '2020-03-10', '0000-00-00'),
('200170116507', 'BH-2', 2320, '2020-03-10', '0000-00-00'),
('200170117002', 'BH-1', 1228, '2020-03-10', '0000-00-00'),
('200170117007', 'BH-1', 1219, '2020-03-10', '0000-00-00'),
('200170117009', 'BH-1', 1225, '2020-03-10', '0000-00-00'),
('200170117010', 'BH-2', 2216, '2020-03-10', '0000-00-00'),
('200170117011', 'BH-1', 1222, '2020-03-10', '0000-00-00'),
('200170117020', 'BH-1', 1228, '2020-03-10', '0000-00-00'),
('200170117023', 'BH-1', 1224, '2020-03-10', '0000-00-00'),
('200170117048', 'BH-1', 1301, '2020-03-10', '0000-00-00'),
('200170117060', 'BH-1', 1222, '2020-03-10', '0000-00-00'),
('200170117522', 'BH-2', 2118, '2020-03-10', '0000-00-00'),
('200170119001', 'BH-1', 1312, '2020-03-10', '0000-00-00'),
('200170119020', 'BH-1', 1310, '2020-03-10', '0000-00-00'),
('200170119021', 'BH-1', 1303, '2020-03-10', '0000-00-00'),
('200170119044', 'BH-1', 1310, '2020-03-10', '0000-00-00'),
('200170119046', 'BH-1', 1117, '2020-03-10', '0000-00-00'),
('200170119051', 'BH-1', 1302, '2020-03-10', '0000-00-00'),
('200170119055', 'BH-1', 1303, '2020-03-10', '0000-00-00'),
('200170119501', 'BH-2', 2324, '2020-03-10', '0000-00-00'),
('200170119506', 'BH-2', 2321, '2020-03-10', '0000-00-00'),
('200170119510', 'BH-2', 2324, '2020-03-10', '0000-00-00'),
('200170119511', 'BH-2', 2324, '2020-03-10', '0000-00-00'),
('200170124001', 'BH-1', 1105, '2020-03-10', '0000-00-00'),
('200170124011', 'BH-1', 1102, '2020-03-10', '0000-00-00'),
('200170124021', 'BH-1', 1104, '2020-03-10', '0000-00-00'),
('200170124031', 'BH-1', 1103, '2020-03-10', '0000-00-00'),
('200170124507', 'BH-1', 1226, '2020-03-10', '0000-00-00'),
('200170124512', 'BH-1', 1325, '2020-03-10', '0000-00-00'),
('200170124518', 'BH-1', 1326, '2020-03-10', '0000-00-00'),
('200217011905', 'BH-1', 1303, '2020-03-10', '0000-00-00');

-- --------------------------------------------------------

--
-- Table structure for table `user_details`
--

CREATE TABLE `user_details` (
  `position` varchar(6) NOT NULL,
  `name` varchar(50) NOT NULL,
  `username` varchar(15) NOT NULL,
  `email` varchar(50) NOT NULL,
  `contact_no` varchar(10) NOT NULL,
  `password` varchar(50) NOT NULL,
  `hostel_name` varchar(4) NOT NULL,
  `designation` varchar(20) NOT NULL,
  `department` varchar(20) NOT NULL
) ENGINE=InnoDB DEFAULT CHARSET=utf8mb4;

--
-- Dumping data for table `user_details`
--

INSERT INTO `user_details` (`position`, `name`, `username`, `email`, `contact_no`, `password`, `hostel_name`, `designation`, `department`) VALUES
('warden', 'Prof. Ashish Patel', 'ashish123', 'ashish@gmail.com', '9874521635', '123', 'BH-1', 'Asst. Professor', 'Power Electronics'),
('warden', 'Prof. Navin Ganeshan', 'navin123', 'navin@gmail.com', '2136547890', '123', 'BH-1', 'Asst. Professor', 'EC'),
('Rector', 'Dr. Parin Shah', 'parin123', 'parin@gmail.com', '9876543210', '123', 'All', 'Professor', 'Chemical'),
('warden', 'Prof. Sita S. Agrawal', 'sita123', 'sita@gmail.com', '9874661234', '123', 'GH', 'Asst. Professor', 'Electrical'),
('warden', 'Prof. Sunil Patel', 'sunil123', 'sunil@gmail.com', '9657845214', '123', 'BH-2', 'Asst. Professor', 'Chemical'),
('warden', 'Prof. Trupti Y. Rathod', 'trupti123', 'trupti@gmail.com', '8745123698', '123', 'GH', 'Asst. Professor', 'Mechanical'),
('warden', 'Prof. Upendrasingh R. Singh', 'upendra123', 'upendra@gmail.com', '9875123645', '123', 'BH-2', 'Asst. Professor', 'Civil');

--
-- Indexes for dumped tables
--

--
-- Indexes for table `fees`
--
ALTER TABLE `fees`
  ADD PRIMARY KEY (`enrollment_no`,`semester`);

--
-- Indexes for table `hostel_master`
--
ALTER TABLE `hostel_master`
  ADD PRIMARY KEY (`room_no`);

--
-- Indexes for table `hostel_student_details`
--
ALTER TABLE `hostel_student_details`
  ADD PRIMARY KEY (`enrollment_no`);

--
-- Indexes for table `user_details`
--
ALTER TABLE `user_details`
  ADD PRIMARY KEY (`username`);
COMMIT;

/*!40101 SET CHARACTER_SET_CLIENT=@OLD_CHARACTER_SET_CLIENT */;
/*!40101 SET CHARACTER_SET_RESULTS=@OLD_CHARACTER_SET_RESULTS */;
/*!40101 SET COLLATION_CONNECTION=@OLD_COLLATION_CONNECTION */;
